Family,Species,Tb,Tb err,Tb (N),Ref,Tb err type,Notes,,
Lacertidae,Acanthodactylus boskianus,34.33,5.07,26,Perez-Mellado (1992) J. Zool.,SD,,,
Lacertidae,Acanthodactylus erythrurus,33.1,3.25,79,"within Huey et al. 2009, Bauwens et al. 1995; Pough and Busack 1978; Pollo_Mateos_&_P‚rez-Mellado_1989; TB data: Carretero and Llorente 1995 (SCientia Herpetologica)",SD,"**Presented Median Tsel, so maybe can use error for Topt? Topt has SE. From same paper (Bauwens et al. 1995; Evolution)",,
Lacertidae,Acanthodactylus longipes,34.26,2.91,8,Perez-Mellado (1992) J. Zool.,SD,,,
Lacertidae,Acanthodactylus scutellatus,33.2,4.64,71,Perez-Mellado (1992) J. Zool.,SD,,,
Scincidae,Acontias meleagris,21.8,2.4,3,Withers 1981,,,,
Scincidae,Acritoscincus duperreyi,,,,"CTmin and CTmax within Sunday 2011 (Under Bassiana duperreyi), Spellerberg 1972",,,,
Agamidae,Agama agama,36.1,,,Tb=Qu and Wiens 2020 (originally from James and Porter1979 Copeia; Bowker 1984 Physiol.Zool.; Ortega et al. 1991 J.Comp.Physiol.B),,,,
Agamidae,Agama hispida,36.2,0.14,215,Huey and Pianka 1977,SE,,,
Viperidae,Agkistrodon contortrix,27,,61,"Sanders & Jacob 1981 (found 27.05øC for juveniles and subadults, 24.52øC for adults in Sanders and Jacob 1981); Tb taken from Brattstrom 1965",,,,
Viperidae,Agkistrodon piscivorus,26.2,,,Brattstrom 1965,,,,
Gymnophthalmidae,Alopoglossus angulatus,,,,diele-vargas et al. 2018 (incorrect method for Tb measurements in original paper; Vitt et al. 2007),,,,
Gymnophthalmidae,Alopoglossus atriventris,,,,diele-vargas et al. 2018 (incorrect method for Tb measurements in original paper; Vitt et al. 2007),,,,
Iguanidae,Amblyrhynchus cristatus,33.1,,218,"Brattstrom 1965, Bartholomew 1966",,,,
Teiidae,Ameiva ameiva,36.1,0.3,,"diele-vargas et al. 2018(but the CTmax is super close to Brattstrom 1965, which I trimmed from here); Tb measurement taken from Simmons 2005 (not Sartorius et al.1999 BioConser)",,,,
Teiidae,Ameiva festiva,35.9,0.45,163,"within Sunday 2011, van_Berkum_et_al._1986 (Tb ) , cited also in van Berkum (1988)",,,,
Teiidae,Ameiva parecis,38.2,,54,diele-vargas et al. 2018,,,,
Teiidae,Ameiva polops,,,,Angeli et al. Ecol. App. 2018,,,,
Teiidae,Ameivula ocellifera,38.6,,,Vitt et al. 1995; Mesquita 2003 (can't use because they shot some lizards),,,,
Agamidae,Amphibolurus muricatus,36,1.22,6,"within Sunday 2011 (not found in Sunday), Spellerberg 1972 (could not find species), Light et al. 1966 (Tb data here), Heatwole and Firth 1982",,,,
Scincidae,Anepischetosia maccoyi,,,,CTmin and CTmax=within Sunday 2011,,,,
Dactyloidae,Anolis acutus,30.92,,131,Salazar et al. 2019 (McManus and Nellis 1973; Ruibal and Philibosian 1974; Gunderson et al 2018),,,,
Dactyloidae,Anolis aeneus,31,,91,Salazar et al. 2019 (Schoener and Gorman 1968; Roughgarden et al. 1981),,,,
Dactyloidae,Anolis aequatorialis,22.3,,2,Salazar et al. 2019 (Fitch et al. 1976),,,,
Dactyloidae,Anolis agassizi,30.6,,40,Salazar et al. 2019 (Rand et al. 1975),,,,
Dactyloidae,Anolis allisoni,32.6,,240,Tsel: Medina et al. 2016 J. Th. Biol.,,,,
Dactyloidae,Anolis apletophallus,27.8,,1,Salazar et al. 2019 (Ballinger et al. 1970; Stapley et al. 2015),,,,
Dactyloidae,Anolis auratus,33.9,,36,"Tb came from diele-vargas et al. 2018, CT data from Ballinger et al. 1970",,,,
Dactyloidae,Anolis bahorucoensis,24.8,,30,"Cast et al. 2000 (Tb data from here); Sifers et al. 2001 (not in drive, but in citations of Cast et al. 2000); commented Tb data from Salazar et al. 2019 (Cast et al. 2000)",,,,
Dactyloidae,Anolis baleatus,28.5,,2,"B. Bodensteiner et al., unpubl. data",,,,
Dactyloidae,Anolis barbatus,28.6,,3,"Rodr¡guez-Schettino et al. 2010 (Tb 27.3, SD = 0.2, N=3), Leal and Losos 2000 (I calculated Tb 28.6, calculated SD as 4.51, N = 4 [one lizard out in the sun at 32.5, so pulls the mean up] ) Tb cited in Salazar et al. 2019 (Rodr¡guez-Schettino et al. 2010)",,,,
Dactyloidae,Anolis barbouri,27.3,,8,"Autumn & Losos 1997, Tb added from Salazar et al. 2019 (B. Bodensteiner et al., unpubl. data)",,,,
Dactyloidae,Anolis barkeri,24,,72,Salazar et al. 2019 (Birt et al. 2001),,,,
Dactyloidae,Anolis bartschi,26.1,,115,Salazar et al. 2019 (Estrada and Novo 1987,,,,
Dactyloidae,Anolis bicaorum,29.9,,142,"Logan et al. 2013, Salazar et al. 2019 (Logan et al. 2013)",,,,
Dactyloidae,Anolis bimaculatus,32.9,,30,Salazar et al. 2019 (Roughgarden et al. 1981),,,,
Dactyloidae,Anolis bonariensis,33.4,0.18,31,"Bennett and Gorman 1979, Salazar et al. 2019 (Bennett and Gorman 1979)",,,,
Dactyloidae,Anolis brasiliensis,31.62,,102,Salazar et al. 2019 (Mesquita et al. 2015),,,,
Dactyloidae,Anolis brevirostris,30.6,,54,Salazar et al. 2019 (Moster et al. 1992),,,,
Dactyloidae,Anolis capito,28.9,0.4,16,Vitt and Zani 2005; Salazar et al. 2019 (Vitt and Zani 2005),,,,
Dactyloidae,Anolis carolinensis,26.9,,448,"Van Berkum (1988): CTmin, CTmax; Licht 1968 for Tpref; Salazar et al. 2019 for Tb (which cited Lister 1976; Wilson and Echternacht 1987; Wilson and Echternacht 1990; Jenssen et al. 1996; Kolbe et al. 2012; Rubio 2012)",,,,
Dactyloidae,Anolis carpenteri,27.3,,1,Salazar et al. 2019 (Fitch et al. 1976),,,,
Dactyloidae,Anolis chlorocyanus,30.41,,11,"B. Bodensteiner et al., unpubl. data",,,,
Dactyloidae,Anolis christophei,24.15,,8,"B. Bodensteiner et al., unpubl. data; Salazar et al. 2019",,,,
Dactyloidae,Anolis cooki,32,0.07,657,"Huey and Webster 1976: CTmax, Tsel; for Tb Salazar et al. 2019 (Lister 1976; Hertz 1992; Huey unpub. Data; Huey et al. (2009))",,,,
Dactyloidae,Anolis cristatellus,27.38,,657,"Huey and Webster 1976: CTmax, Tsel (mentioned in Heatwole et al 1969, CH), Salazar et al. 2019 for Tb (Lister 1976; Hertz 1992; Hertz 1992; Kolbe et al. 2012; Leal and Gunderson 2012)",,,,
Dactyloidae,Anolis cuprinus,30.7,,24,Salazar et al. 2019 (Fitch et al. 1976),,,,
Dactyloidae,Anolis dollfusianus,28.4,,31,Salazar et al. 2019 (Fitch et al. 1976),,,,
Dactyloidae,Anolis equestris,30.7,,,"Muchlinski et al. 1994: Tb data is possibly problematic, see comment for more",,,,
Dactyloidae,Anolis evermanni,25.9,,1,Heatwole et al 1969; Tb data and CTmax from Salazar et al. 2019 (Rand 1964; Hertz 1977; Gunderson et al. 2018),,,,
Dactyloidae,Anolis gadovii,30.5,,1,Salazar et al. 2019 (Fitch et al. 1976),,,,
Dactyloidae,Anolis gemmosus,21,,34,Salazar et al. 2019 (Fitch et al. 1976),,,,
Dactyloidae,Anolis gingivinus,30.1,,216,Salazar et al. 2019 (Eaton et al. 2002),,,,
Dactyloidae,Anolis grahami,31.2,,43,Salazar et al. 2019 (Rand 1967; Lister 1976; Gunderson et al. 2018),,,,
Dactyloidae,Anolis gundlachi,23.75,,1415,"Huey unpublished (2009 paper supp.); Huey and Webster (1976): CTmax, Tsel; Salazar et al. 2019 (Hertz 1981; Hertz 1992; Huey and Webster 1976; Huey unpub. Data; Huey et al. (2009))",,,,
Dactyloidae,Anolis heterodermus,23.8,,98,"Salazar et al. 2019 (M‚ndez-Galeano and Calder¢n-Espinosa 2017; J.C. Salazar et al., unpubl. Data)",,,,
Dactyloidae,Anolis homolechis,31.8,,104,Salazar et al. 2019 (Ruibal 1961),,,,
Dactyloidae,Anolis humilis,26.2,,110,"van Berkum (1986): Ctmin, Ctmax; Salazar et al. 2019 (vanBerkum 1986; vanBerkum 1988)",,,,
Dactyloidae,Anolis longitibialis,28.9,0.2,101,"Munoz (unpubl.) Tsel; Munoz et al. (2014): Tb, CTmin, CTmax",SE,,,
Dactyloidae,Anolis marcanoi,29.1,0.6,48,"Munoz et al. (2014): Tb, CTmin, CTmax",SE,,,
Dactyloidae,Anolis oculatus,28.2,1.8,108,Brooks 1968,SD,,,
Dactyloidae,Anolis ortonii,30.3,,7,diele-vargas et al. 2018,,,,
Dactyloidae,Anolis planiceps,28.3,,19,diele-vargas et al. 2018,,,,
Dactyloidae,Anolis scypheus,27.3,,36,diele-vargas et al. 2018,,,,
Dactyloidae,Anolis shrevei,29.7,2.6,58,"Munoz & Losos (2018): Tb, Tsel. Munoz et al. 2014: CTmin, CTmax",SD,,,
Dactyloidae,Anolis strahmi,26.3,0.7,7,"Munoz et al. (2014): Tb, CTmin, CTmax",SE,,,
Dactyloidae,Anolis tandai,27.7,,33,diele-vargas et al. 2018,,,,
Dactyloidae,Anolis trachyderma,27.8,0.2,"Lara-Resendiz, & Diaz de la Vega 2013, Salazar et al. 2019 (Birt et al. 2001)",Vitt et al. 2003,,,,
Dactyloidae,Anolis tropidolepis,19.52,,343,"van berkum (1986): Ctmax, CTmin; Fitch 1972",,,,
Dactyloidae,Anolis vermiculatus,29.7,,16,Salazar et al. 2019 (Rodr¡guez-Schettino et al. 2010),,,,
Dactyloidae,Anolis wattsii,33.3,,17,Salazar et al. (Roughgarden et al. 1981),,,,
Dactyloidae,Anolis whitemani,27.9,1.1,17,"Munoz et al. 2014: Tb, CTmin, CTmax; Salazar et al. 2019( Mu¤oz et al. 2014)",SE,,,
Dactyloidae,Anolis woodi,21.5,,1,Salazar et al 2019 (Fitch et al. 1976),,,,
Lacertidae,Archaeolacerta bedriagae,32,2.81,90,Bauwens et al. 1990,,,,
Colubridae,Arizona elegans,27,,16,"Cowles & Bogert 1944, Brattstrom 1965",,,,
Gymnophtalmidae,Arthrosaura reticulata,27,,34,diele-vargas et al. 2018,,,,
Teiidae,Aspidoscelis ceralbensis,40.1,,13,Brattstrom 1965 (Cnemidophorus ceralbensis),,,,
Teiidae,Aspidoscelis gularis,38.9,,3,Brattstrom 1965;,,,,
Teiidae,Aspidoscelis hyperythrus,39.2,,17,"Brattstrom 1965; Soul‚ 1963; Bostic 1966 (body temp not found, reproductive organs) Cnemidophorus hyperythrus",,,,
Teiidae,Aspidoscelis tigris,40,2,955,within Sunday 2011 (not found in Sunday); van berkum 1988,,,,
Corytophanidae,Basiliscus basiliscus,26,,1,Brattstrom 1965,,,,
Corytophanidae,Basiliscus plumifrons,31.7,0.5,20,Hirth 1965,,,,
Corytophanidae,Basiliscus vittatus,35,,720,"Hirth 1963, Brattstrom 1965",,,,
Chamaeleonidae,Bradypodion pumilum,30.1,,,"Andrews 2008, Burrage 1973",,,,
Scincidae,Brasiliscincus heathi,34.6,0.1,,"Vrcibradic and Rocha 1998 (for Tb cited Vitt 1995, book: 1995. ""The ecology of tropical lizards in the caatinga of northeast Brazil. Occ. Pap. Oklahoma"")",,,,
Scincidae,Carlia fusca,30.8,,59,Brattstrom 1965,,,,
Scincidae,Carlia rhomboidalis,28.9,,18,Greer 1980; Brattstrom 1965,,,,
Scincidae,Carlia rubrigularis,,,,"Munoz et al. 2016 (CTmin, CTmax, Topt); Munoz et al. 2016: Tsel",,,,
Scincidae,Carlia vivax,30.5,0.33,41,"Greer 1980; Singh, Smyth and Blomberg 2002",,,,
Colubridae,Carphophis amoenus,26.4,,20,Brattstrom 1965,,,,
Gymnophthalmidae,Cercosaura argulus,29,,13,diele-vargas et al. 2018,,,,
Gymnophthalmidae,Cercosaura eigenmanni,29.7,,20,diele-vargas et al. 2018,,,,
Gymnophthalmidae,Cercosaura manicata,29.7,,2,diele-vargas et al. 2018,,,,
Gymnophthalmidae,Cercosaura ocellata,28.1,,13,diele-vargas et al. 2018,,,,
Gymnophthalmidae,Cercosaura oshaughnessyi,29.5,,13,diele-vargas et al. 2018,,,,
Chamaeleonidae,Chamaeleo dilepis,31.2,,328,"within Sunday 2011 (not found in Sunday), Bennett 2004, Brattstrom 1965",,,,
Boidae,Charina bottae,14.8,,3,Brattstrom 1965,,,,
Sphaerodactylidae,Chatogekko amazonicus,27.5,,36,"Diele-Viegas et al. (2017), Vitt et al. 2005",,,,
Gekkonidae,Chondrodactylus angulifer,26.2,,13,"Stebbins 1961, Brattstrom 1965",,,,
Gekkonidae,Christinus marmoratus,26.6,0.42,3,"Light et al. 1966, Angilletta and Werner 1998 (Tb = 19.6 in the morning, 14.1 in the night, error is 0.72 at morning and .27 at night, n = 5 at morning and n = 7 at night) , Kearney and Predavec 2000",,,,
Teiidae,Cnemidophorus cryptus,39.4,,11,diele-vargas et al. 2018,,,,
Teiidae,Cnemidophorus gramivagus,37.6,,42,diele-vargas et al. 2018,,,,
Teiidae,Cnemidophorus lemniscatus,37.6,,96,diele-vargas et al. 2018,,,,
Teiidae,Cnemidophorus murinus,40.4,,,within Huey et al. 2009; Bennett 1980,,,,
Eublepharidae,Coleonyx brevis,28.6,0.35,52,"Dial 1978, also cited in Huey et al. 1989",,,,
Colubridae,Coluber constrictor,29.6,,25,Brattstrom 1965,,,,
Colubridae,Contia tenuis,19.5,,4,Brattstrom 1965,,,,
Scincidae,Copeoglossum nigropunctatum,33.2,,121,diele-vargas et al. 2018,,,,
Viperidae,Crotalus atrox,27.4,,8,Cowles & Bogert 1944; Brattstrom 1965,,,,
Viperidae,Crotalus cerastes,26.2,,15,Cowles & Bogert 1944; Brattstrom 1965,,,,
Viperidae,Crotalus horridus,25.9,,5,Brattstrom 1965,,,,
Viperidae,Crotalus mitchellii,30.3,,3,Brattstrom 1965,,,,
Viperidae,Crotalus pricei,21.1,,5,Brattstrom 1965,,,,
Viperidae,Crotalus scutulatus,30.3,,4,Brattstrom 1965,,,,
Viperidae,Crotalus viridis,28.9,,11,Brattstrom 1965,,,,
Agamidae,Ctenophorus scutulatus,38.2,1.06,7,Light et al 1966,,,,
Scincidae,Ctenotus labillardieri,32.2,3.36,11,Light et al. 1966,,,,
Scincidae,Ctenotus quattuordecimlineatus,35.7,,,Pianka 1969,,,,
Pygopodidae,Delma impar,24.9,,,Sinervo et al. 2010,,,,
Colubridae,Diadophis punctatus,28,,145,Brattstrom 1965,,,,
Diplodactylidae,Diplodactylus pulcher,27.7,,,Pianka and Pianka 1976,,,,
Iguanidae,Dipsosaurus dorsalis,41.2,,,"Huey et al. 2009; van berkum 1988, Cowles & Bogert 1944",,,,
Teiidae,Dracaena guianensis,32.2,,1,diele-vargas et al. 2018,,,,
Scincidae,Egernia depressa,34,1.45,4,Light et al. 1966,,,,
Scincidae,Egernia richardi,34.7,0.64,5,Light et al. 1966,,,,
Anguidae,Elgaria multicarinata,21.4,,,within Huey et al. 2009; Bennett 1980,,,,
Hoplocercidae,Enyalioides laticeps,25.6,,6,diele-vargas et al. 2018,,,,
Tropiduridae,Eurolophosaurus divaricatus,38,,,Kohlsdorf and Navas 2006,,,,
Scincidae,Eutropis multifasciata,33.7,,12,Brattstrom 1965,,,,
Lacertidae,Gallotia simonyi,33.3,,,Cejudo and Marquez 2001; Huey et al. 2009,,,,
Crotaphytidae,Gambelia wislizenii,38,,13,"Brattstrom 1965 (Crotaphytus wislizeni) Tb used, Cunningham 1966, Colwes and Bogert 1944, Parker and Pianka 1976, Crowley and Pietruszka 1983",,,,
Gerrhosauridae,Gerrhosaurus nigrolineatus,33.2,,,Bowker 1984,,,,
Gerrhosauridae,Gerrhosaurus flavigularis,33.3,,176,Brattstrom 1965,,,,
Sphaerodactylidae,Gonatodes concinnatus,27,,156,Diele-Viegas et al. (2017),,,,
Sphaerodactylidae,Gonatodes hasemani,30.6,,22,Diele-Viegas et al. (2017),,,,
Sphaerodactylidae,Gonatodes humeralis,29.2,,110,Diele-Viegas et al. (2017),,,,
Agamidae,Gowidon longirostris,37.1,1.18,11,Light et al. 1966,,,,
Phyllodactylidae,Gymnodactylus amarali,30.2,,28,Diele-Viegas et al. (2017),,,,
Lacertidae,Heliobolus lugubris,37.7,0.19,176,Huey and Pianka 1977,SE,,,
Gekkonidae,Hemidactylus mabouia,27.4,,116,Diele-Viegas et al. (2017),,,,
Gekkonidae,Hemidactylus palaichthus,26.7,,76,Diele-Viegas et al. (2017),,,,
Scincidae,Hemiergis decresiensis,20.3,,,within Sunday 2011; Huey et al. 2009; Huey and Bennett 1987,,,,
Scincidae,Hemiergis quadrilineatus,27,1.15,4,Greer 1980; Light et al. 1966,,,,
Teiidae,Holcosus quadrilineatus,37.6,0.06,556,Hirth 1963; Hirth 1965,,,,
Colubridae,Hypsiglena torquata,29.5,,3,Brattstrom 1965,,,,
Iguanidae,Iguana iguana,35.3,,6,Brattstrom 1965. Tb from diele-vargas et al. 2018,,,,
Gymnophthalmidae,Iphisa elegans,28.2,,1,diele-vargas et al. 2018,,,,
Teiidae,Kentropyx altamazonica,36,,66,diele-vargas et al. 2018,,,,
Teiidae,Kentropyx calcarata,34.7,,99,"Tb: diele-vargas et al. 2018; Tsel, CTmin, CTmax, Topt: Pontes-Silva et al. (2018) J. Th. Biol.",,,,
Teiidae,Kentropyx pelviceps,35.1,,143,diele-vargas et al. 2018,,,,
Teiidae,Kentropyx striata,35.7,,111,"diele-vargas et al. 2018, Stebbins 1961",,,,
Lacertidae,Lacerta agilis,31.5,,,within Huey et al. 2009; bauwens et al. 1995,,,,
Lacertidae,Lacerta schreiberi,31.1,0.2,,within Huey et al. 2009; Hertz et al. 1983; Salvador and Arguello 1987,SE,,,
Colubridae,Lampropeltis elapsoides,26.2,,5,Brattstrom 1965,,,,
Colubridae,Lampropeltis getula,28.1,,18,Brattstrom 1965,,,,
Colubridae,Lampropeltis zonata,27.5,,3,Brattstrom 1965,,,,
Liolaemidae,Liolaemus alticolor,32.9,0.57,5,Labra (2009) AmNat,SE,,,
Liolaemidae,Liolaemus bellii,34.23,0.38,9,Labra (2009) AmNat,SE,,,
Liolaemidae,Liolaemus bitaeniatus,32.77,0.65,21,"Labra et al. 2009 (Espinoza, Wiens, and Tracy 2004 also has Tb but using Labra here)",,,,
Liolaemidae,Liolaemus chiliensis,34.54,0.67,11,Labra (2009) AmNat,SE,,,
Liolaemidae,Liolaemus constanzae,30.79,0.81,17,Labra (2009) AmNat,SE,,,
Liolaemidae,Liolaemus curis,32.89,0.31,67,Labra (2009) AmNat,SE,,,
Liolaemidae,Liolaemus cyanogaster,32.9,1.55,2,Labra (2009) AmNat,SE,,,
Liolaemidae,Liolaemus dorbignyi,29.4,NA,1,Labra (2009) AmNat,SE,,,
Liolaemidae,Liolaemus eledori,32.34,0.45,16,Labra (2009) AmNat,SE,,,
Liolaemidae,Liolaemus fabiani,31.26,0.27,50,Labra (2009) AmNat,SE,,,
Liolaemidae,Liolaemus fitzgeraldi,33.05,0.36,28,Labra (2009) AmNat; CTmax is from Cruz et al. 2005,SE,,,
Liolaemidae,Liolaemus fuscus,36,0.6,8,Labra (2009) AmNat,SE,,,
Liolaemidae,Liolaemus hellmichi,29.06,0.57,5,Labra (2009) AmNat,SE,,,
Gymnophthalmidae,Loxopholis percarinatum,29.7,,8,diele-vargas et al. 2018,,,,
,Masticophis flagellum,31.6,,11,Brattstrom 1965,,,,
Lacertidae,Meroles squamulosa,36.3,0.18,92,Huey and Pianka 1977,SE,,,
Lacertidae,Meroles suborbitalis,35.5,0.1,480,"Huey and Pianka 1977, Stebbins 1961",SE,,,
Lacertidae,Mesalina guttulata,27.69,3.9,11,Perez-Mellado (1992) J. Zool.,SD,,,
Lacertidae,Mesalina olivieri,33.36,4.34,16,Perez-Mellado (1992) J. Zool.,SD,,,
Carphodactylidae,Nephrurus laevissimus,22.5,,,Pianka and Pianka 1976,,,,
Carphodactylidae,Nephrurus vertebralis,24.1,,,Pianka and Pianka 1976,,,,
Scincidae,Notomabuya frenata,31.8,,145,diele-vargas et al. 2018,,,,
Lacertidae,Nucras intertexta,38.9,0.88,3,Huey and Pianka 1977,SE,,,
Lacertidae,Nucras tessellata,39.3,0.42,43,Huey and Pianka 1977,SE,,,
Colubridae,Opheodrys vernalis,25.6,,5,Brattstrom 1965,,,,
Anguidae,Ophisaurus attenuatus,32,,29,Brattstrom 1965,,,,
Opluridae,Oplurus cyclurus,39.8,,,"Muchlinski, Estany and Don 1994",,,,
Colubridae,Pantheropis obsoletus,28,,53,Brattstrom 1965,,,,
Lacertidae,Pedioplanis lineoocellata,36.9,0.11,649,"Huey and Pianka 1977, Stebbins 1961",SE,,,
Lacertidae,Pedioplanis namaquensis,37.8,0.16,151,Huey and Pianka 1977,SE,,,
Phrynosomatidae,Petrosaurus mearnsi,36,,1,Murrish & Vance 1968; Brattstrom 1965,,,,
Teiidae,Pholidoscelis pluvianotatus,37.8,0.34,21,Hirth 1965,,,,
Agamidae,Phrynocephalus helioscopus,33.1,,,Clemann 2008,,,,
Agamidae,Phrynocephalus interscapularis,32.4,,,Clemann 2008,,,,
Agamidae,Phrynocephalus mystaceus,32.3,,,Clemann 2008,,,,
Phrynosomatidae,Phrynosoma mcallii,37.4,,19,Brattstrom 1965,,,,
Phyllodactylidae,Phyllodactylus tuberculosus,22.7,,,Brattstrom 1965,,,,
Phyllodactylidae,Phyllopezus pollicaris,28.9,,10,Diele-Viegas et al. (2017),,,,
Colubridae,Pituophis catenifer,26.7,,27,Brattstrom 1965,,,,
Cordylidae,Platysaurus intermedius,28.8,,,Lailvaux et al. 2003; within Sunday et al. 2011 (not found in Sunday); Huey et al. 2009,,,,
Scincidae,Plestiodon anthracinus,25,,47,Brattstrom 1965,,,,
Scincidae,Plestiodon fasciatus,33,,41+,Fitch 1954; Brattstrom 1965,,,,
Scincidae,Plestiodon inexpectatus,33.2,,1,Brattstrom 1965,,,,
Scincidae,Plestiodon septenrionalis,28.5,,4,Brattstrom 1965,,,,
Scincidae,Plestiodon septentrionalis,28.5,,4,Brattstrom 1965,,,,
,Plestiodon skiltonianus,30,,9+,Brattstrom 1965,,,,
Scincidae,Plestiodon tetragrammus,28,,1,Brattstrom 1965,,,,
Scincidae,Plestiodon tetragrammus,28,,,"Brattstrom 1965, cited in Youssef et al. 2008",,,,
Tropiduridae,Plica plica,29.1,,56,diele-vargas et al. 2018; Vitt 1991,,,,
Lacertidae,Podarcis bocagei,32.3,,,within Huey et al. 2009; bauwens et al. 1995,,,,
Lacertidae,Podarcis hispanicus,34.1,,,within Huey et al. 2009; bauwens et al. 1995,,,,
Lacertidae,Podarcis lilfordi,33.5,,,within Huey et al. 2009; bauwens et al. 1995,,,,
Lacertidae,Podarcis liolepis,33.9,,,within Huey et al. 2009; bauwens et al. 1995,,,,
Polychrotidae,Polychrus acutirostris,35,,8,diele-vargas et al. 2018,,,,
Polychrotidae,Polychrus marmoratus,29,,1,diele-vargas et al. 2018,,,,
Gymnophthalmidae,Potamites ecpleopus,27,,63,diele-vargas et al. 2018,,,,
Gymnophthalmidae,Potamites juruazensis,26.4,,8,diele-vargas et al. 2018,,,,
Lacertidae,Psammodromus hispanicus,30.2,,,within Huey et al. 2009; bauwens et al. 1995,,,"**Presented Median Tsel, so maybe can use error for Topt? Topt has SE. From same paper (Bauwens et al. 1995; Evolution)",
Colubridae,Rhinocheilus lecontei,25.2,,6,Brattstrom 1965,,,,
Teiidae,Salvator merianae,35,,8,diele-vargas et al. 2018,,,,
Phrynosomatidae,Sceloporus graciosus,34.1,,,within Sunday 2011 (not found in Sunday); Huey et al. 2009; van Berkum 1988,,,,
Phrynosomatidae,Sceloporus palaciosi,30.2,,,"Lemos-Espinal, Smith and Ballinger 2002",,,,
Phrynosomatidae,Sceloporus serrifer,31,,,Sinervo et al. 2010,,,,
Phrynosomatidae,Sceloporus siniferus,36.2,,,Lemos-Espinal & Ballinger 2001,,,,
Phrynosomatidae,Sceloporus squamosus,35.3,,,Andrews 1998,,,,
Phrynosomatidae,Sceloporus torquatus,33,,,Sinervo et al. 2010,,,,
Phrynosomatidae,Sceloporus undulatus_Colorado,33.5,,,within Huey et al. 2009; Crowley 1985,,,,
Phrynosomatidae,Sceloporus undulatus_SouthCarolina,33.1,,,within Huey et al. 2009; Angilletta 2002,,,,
Phrynosomatidae,Sceloporus woodi,36.2,,42,Brattstrom 1965; Bogert 1949,,,,
Colubridae,Sonora occipitalis,27.9,,5,"Cowles & Bogert 1944, Brattstrom 1965",,,,
,Sphenomorphus lesueurii,32.6,1.97,7,Light et al. 1966 (cited in Du et al. 2006),,,,
Agamidae,Stellagama stellio,34.35,,161,within Huey et al. 2009; Hertz et al. 1983,,,,
Tropiduridae,Stenocercus guentheri,31.93,0.506,22,Andrango et al. 2016,SE,,,
Tropiduridae,Stenocercus roseiventris,28.2,,3,diele-vargas et al. 2018,,,,
Diplodactylidae,Strophurus ciliaris,25.4,,,Pianka and Pianka 1976,,,,
Diplodactylidae,Strophurus elderi,26.2,,,Pianka and Pianka 1976,,,,
Diplodactylidae,Strophurus strophurus,25.3,,,"Pianka and Pianka 1976, Werner and Whitaker 1978",,,,
Phyliodactylidae,Tarentola mauritanica,24.8,,,Angilletta and Werner 1998,,,,
Colubridae,Thamnophis butleri,26.1,,54,"Doughty 1994 (not found in reference), Brattstrom 1965",,,,
Colubridae,Thamnophis saurita,26,,123,Brattstrom 1965,,,,
Phyliodactylidae,Thecadactylus rapicauda,26.9,,80,Diele-Viegas et al. (2017),,,,
Scincidae,Trachylepis brevicollis,33.4,,,Bowker 1984,,,,
Scincidae,Trachylepis occidentalis,36,0.23,136,Huey and Pianka 1977,SE,,,
Scincidae,Trachylepis occidentalis,36,,,Huey and Pianka 1977,,,,
Scincidae,Trachylepis quinquetaeniata,35.6,,,Bowker 1984,,,,
Scincidae,Trachylepis spilogaster,34.5,0.17,271,Huey and Pianka 1977,SE,,,
Scincidae,Trachylepis striata,34.1,0.18,281,Huey and Pianka 1977; Stebbins 1961; Patterson 1991,SE,,,
Scincidae,Trachylepis variegata,33.6,0.56,20,Huey and Pianka 1977,SE,,,
Scincidae,Trachylepis variegata,33.6,,,Huey and Pianka 1977,,,,
Agamidae,Trapelus sanguinolentus,35.4,,,Clemann 2008,,,,
Agamidae,Trapelus savignii,37.9,,57,"within Huey et al. 2009, from Hertz et al. 1983, Tb has no error",,,,
Colubridae,Tropidoclonion lineatum,30.5,,11,Brattstrom 1965,,,,
Tropiduridae,Tropidurus hispidus,34.2,,130,diele-vargas et al. 2018,,,,
Tropiduridae,Tropidurus insulanus,34.5,,51,diele-vargas et al. 2018,,,,
Tropiduridae,Tropidurus oreadicus,32.9,,159,diele-vargas et al. 2018,,,,
Teiidar,Tupinambis longilineus,35.5,,3,diele-vargas et al. 2018,,,,
Teiidae,Tupinambis quadrilineatus,37.2,,1,diele-vargas et al. 2018,,,,
Teiidae,Tupinambis teguixin,33.2,,11,diele-vargas et al. 2018,,,,
Phrynosomatidae,Uma inornata,38,,,within Huey et al. 2009; Bennett 1980,,,,
Phrynosomatidae,Uma notata,38.6,,11+,Brattstrom 1965,,,,
Phrynosomatidae,Uma paraphygas,35.5,,,Sinervo et al 2010,,,,
Tropiduridae,Uracentron flaviceps,31.2,,22,diele-vargas et al. 2018,,,,
Tropiduridae,Uranoscodon superciliosus,27.8,,24,diele-vargas et al. 2018,,,,
Phrynosomatidae,Urosaurus auriculatus,36.3,,25,Brattstrom 1965,,,,
Phrynosomatidae,Urosaurus clarionensis,36.4,,59,Brattstrom 1965,,,,
Phrynosomatidae,Uta palmeri,38,,,Ferguson 1971,,,,
Phrynosomatidae,Uta stansburiana,35.3,,,Within Huey et al. 2009; Waldschmidt_&_Tracy_1983,,,,
Varanidae,Varanus brevicauda,35.4,,,Sinervo et al 2010,,,,
Varanidae,Varanus eremius,37.5,,53,Pianka and Pianka 1970; Pianka 1982,,,,
Varanidae,Varanus tristis,34.8,,38,Pianka 1982,,,,
Scincidae,Varzea bistriata,32.9,,11,diele-vargas et al. 2018,,,,
Viperidae,Vipera berus,29.67,3.73,20,Herczeg et al. 2007,SD,,,
Xantusiidae,Xantusia arizonae,25.3,,12,Brattstrom 1965,,,,
Xantusiidae,Xantusia henshawi,20.5,,5,Mautz & Case 1974; Brattstrom 1965,,,,
,Xantusia riversiana,24.4,,,Mautz et al. 1992; within Huey et al. 2009 and Sunday et al. 2011 (can't find in Sunday),,,,
Xanusiidae,Xantusia vigilis,33.8,,,within Sunday 2011 (not found in Sunday); Huey et al. 2009; van Berkum 1988,,,,
Lacertidae,Zootoca vivipara,30.2,,,Gvozdik&Castilla 2001; Hertz et al. 1983; Bauwens et al. 1995; also Huey et al. 2009,,,,
Teiidae,Ameiva bifrontata,39.4,,,Brattstrom 1965 (could not find Tb); Bogert 1949 (could not find Tb); ****Schall 1977- make sure no values from here**** [ confirmed no values here] ; Bostic1966 (couldn't find Tb); Paulissen 1988 (Tb not found); Witz 2001 (noTb),,,,
Amphisbaenidae,Amphisbaena mertensii,23.6,2.6,16,Abe 1984,,,,
Anguidae,Anguis fragilis,22.6,,,"Gregory 1980, Meek 2005",,,,
Anguidae,Anniella pulchra,22.3,,,"brattstrom 1965 (Tb 21.0øC, N=29) , Bury and Balgooyen 1976 (found Tb 23.6 ñ3.1 SD, N = 96)",,,,
Dactyloidae,Anolis aliniger,,,,"B. Bodensteiner et al., unpubl. data",,,,
Dactyloidae,Anolis allogus,29.15,,148,Brattstrom 1965; Salazar et al. 2019 (Ruibal 1961),,,,
Dactyloidae,Anolis alutaceus,28.3,,1,Salazar et al. 2019 (Rodr¡guez-Schettino et al. 2010),,,,
Dactyloidae,Anolis angusticeps,29.2,,3,Rodr¡guez-Schettino et al. 2010; Salazar et al. 2019 (Rodr¡guez-Schettino et al. 2010),,,,
Dactyloidae,Anolis armouri,28.9,2.4,68,Tsel + Tb (Munoz and Losos 2018); CTmin + CTmax (Munoz et al. 2014),SD,,,
Dactyloidae,Anolis chrysolepis,27.9,,,"diele-vargas et al. 2018, Vitt and Zani 2005; Salazar et al. 2019 (Diele-Viegas et al. 2018)",,,,
Dactyloidae,Anolis cupreus,29.57,,188,"van Berkum (1986): Ctmin, Ctmax; in van Berkum, listed J. Tsuji unpublished data for Tb, median = 30.6, N = 57; Salazar et al. 2019 for Tb (van Berkum 1986; van Berkum 1988)",,,,
Dactyloidae,Anolis cybotes,30.1,3,187,"Munoz & Losos 2018: Tsel, Tb; Munoz et al. 2014: Ctmin, CTmax; Salazar et al. 2019 (Hertz and Huey 1981; Cast et al. 2000; Mu¤oz et al. 2014; Conover et al. 2015 )",SD,,,
Dactyloidae,Anolis distichus,27.1,,18,Corn 1971; Salazar et al. 2019 (Lister 1976; Cast et al. 2000),,,,
Dactyloidae,Anolis frenatus,29.7,,,Ballinger et al 1970,,,,
Dactyloidae,Anolis fuscoauratus,28.6,,86,"diele-vargas et al. 2018, Vitt et al. 2003",,,,
Dactyloidae,Anolis jubar,32.4,,1,,,,,
Dactyloidae,Anolis krugi,28.6,,1,Hertz 1979,,,,
Dactyloidae,Anolis laeviventris,25.43,,317,"van Berkum (1986): Ctmin, Ctmax [listed as A. intermedius/Anolis intermedius]",,,,
Dactyloidae,Anolis lemurinus,26.6,,6,"van Berkum (1986): Ctmin, Ctmax",,,,
Dactyloidae,Anolis limifrons,26.36,,87,"van Berkum (1986): Ctmin, CTmax",,,,
Dactyloidae,Anolis limon,NA,,NA,,,,,
Dactyloidae,Anolis lineatopus,28.3,,101,,,,,
Dactyloidae,Anolis lionotus,26.1,,31,"van Berkum (1986): Ctmin, Ctmax",,,,
Dactyloidae,Anolis longiceps,32.2,,18,,,,,
Dactyloidae,Anolis lucius,29.25,,93,,,,,
Dactyloidae,Anolis marmoratus,29.75,,638,,,,,
Dactyloidae,Anolis mestrei,27.7,,1,,,,,
Dactyloidae,Anolis monensis,31.29,,245,,,,,
Dactyloidae,Anolis nebulosus,30.01,,3074,,,,,
Dactyloidae,Anolis nigrolineatus,29.9,,5,,,,,
Dactyloidae,Anolis olssoni,33.2,,40,Hertz 1979,,,,
Dactyloidae,Anolis opalinus,28.1,,,,,,,
Dactyloidae,Anolis oxylophus,27.77,,54,,,,,
Dactyloidae,Anolis pentaprion,28,,1,Brattstrom 1965,,,,
Dactyloidae,Anolis poecilopus,26.5,,1,,,,,
Dactyloidae,Anolis polylepis,27.95,,32,,,,,
Dactyloidae,Anolis porcatus,31.9,,1,,,,,
Dactyloidae,Anolis princeps,27.4,,1,,,,,
Dactyloidae,Anolis proboscis,23.85,,2,,,,,
Dactyloidae,Anolis pulchellus,32.6,,NA,,,,,
Dactyloidae,Anolis punctatus,29.13,,96,All but Tb came from diele-vargas et al. 2018,,,,
Dactyloidae,Anolis quercorum,24.4,,1,,,,,
Dactyloidae,Anolis richardii,28.4,,39,,,,,
Dactyloidae,Anolis roquet,27.22,,508,,,,,
Dactyloidae,Anolis sagrei,32.01,,1013,Corn 1971,,,,
Dactyloidae,Anolis semilineatus,32.3,,23,,,,,
Dactyloidae,Anolis sericeus,32.8,,1,,,,,
Dactyloidae,Anolis smaragdinus,34.2,,1,,,,,
Dactyloidae,Anolis stratulus,28.4,,1,Heatwole et al. 1969,,,,
Dactyloidae,Anolis subocularis,31.4,,13,,,,,
Dactyloidae,Anolis taylori,29,,58,,,,,
Dactyloidae,Anolis townsendi,30.9,,1,,,,,
Dactyloidae,Anolis transversalis,27.3,,9,Tsel came from diele-vargas et al. 2018,,,,
Dactyloidae,Anolis tropidogaster,27.6,,,Ballinger et al. 1970,,,,
Dactyloidae,Anolis uniformis,27.9,,1,"Lara-Resendiz, & Diaz de la Vega 2013",,,,
Dactyloidae,Anolis ventrimaculatus,12.52,,,,,,,
Elapidae,Austrelaps superbus,,,,"within Sunday 2011 (not found in Sunday), Spellerberg 1972 (did not find species in paper)",,,,
Scincidae,Bellatorias major,33.8,,,Johnson 1977,,,,
Blanidae,Blanus cinereus,23.6,,,Lopez et al 1998,,,,
Scincidae,Brasiliscincus agilis,32.6,,,"Rocha et al. 2002 (Tb = 34.5 ñ 2.2øC , N = 6); Hatano et al. 2001 (Tb 33.3 ñ 3.2oC (N = 6)); Vrcibradic and Rocha 2002 (Tb 33.1ñ2.4øC; N = 50)",,,,
Gerrhosauridae,Broadleysaurus major,31.8,,,Hallman et al. 1990,,,,
Phrynosomatidae,Callisaurus draconoides,38.9,,,"within Sunday 2011 (not found in Sunday); Brattstrom 1965 (Tb 38.0øC, N= 17+); Cunningham 1966 (Tb 39.4øC, N = 15); Bulova 1994 (Tb 38.2øC) ; Karasov and Anderson 1998 (could not find in drive); Packard and Packard 1970 (used median because left skew data, Tb 39.2øC, N = 79) ; Pianka and Parker 1972 (could not find in drive)",,,,
Teiidae,Callopistes maculatus,36.9,,,Hallman et al. 1990,,,,
Agamidae,Calotes versicolor,27.5,,,Shanbhag 2003,,,,
Scincidae,Carinascincus coventryi,30.1,,,Greer 1980,,,,
Scincidae,Carinascincus metallicus,35.4,,,"within Sunday 2011; Chapple and Swain 2004 (could not find 35.4, body temperatures ranged from 30.1 to 31.9, but were in manmade environments, no field body temp)",,,,
Scincidae,Chalcides ocellatus,31.8,,,Daut and Andrews 1993,,,,
Chamaeleonidae,Chamaeleo africanus,24.7,,,Dimaki et al 2000,,,,
Chamaeleonidae,Chamaeleo calyptratus,32.9,,,Zari 1993,,,,
Chamaeleonidae,Chamaeleo chamaeleon,29.8,,,"Dimaki et al 2000, Al-Johany 1996",,,,
Chamaeleonidae,Chamaeleo namaquensis,32.2,,,"Brattstrom 1965 (Tb 33.5øC, N = 27), Burrage 1973 (active Tpref 29.3øC, range of 18.5-36.2, N = 18) : [also mention/cite Stebbins 1961 mean Tpref 33.5, range of 28.5-36.5 for 27 records of 2 individuals][in Burrage 1973, also mention resting lab temp at 25.0-29.7, mean Tb 28.7øC]",,,,
Agamidae,Chlamydosaurus kingii,36.7,,,Christian and Bedford 1995,,,,
Sphaerodactylidae,Coleodactylus septentrionalis,27.4,0.21,50,Vitt et al. 2005,,,,
Eublepharidae,Coleonyx elegans,23.8,,,Dial and Grismer 1992,,,,
Eublepharidae,Coleonyx mitratus,25.3,,,Angilletta and Werner 1998,,,,
Eublepharidae,Coleonyx variegatus,26.8,,,"Brattstrom 1965 (Tb 24.7øC, N = 17+)* Tsel cut from Brattstrom in Huey et al 1989. Listed as 31.1. Double check with original paper",,,,
Iguanidae,Conolophus pallidus,35.3,,,"Brattstrom 1965 (Tb 33.8øC, N = Many), Christian et al. 1983 (body temp dependent on season [sig different] Garua season: Tb mean 32.2ñ1.35, vs Hot ( or Fall [not sig different] )season Tb mean 36.6ñ1.25",,,,
Scincidae,Corucia zebrata,31.2,,30,diele-vargas et al. 2018,,,,
Agamidae,Ctenophorus nuchalis,39.8,,,"Heatwole 1970 (Amphibolurus inermis [cites 36.1øC as mean Tb from Pianka and Pianka 1970]), Licht et al 1966 (referred to as Amphibolurus in Qu database)",,,,
Diplodactylidae,Diplodactylus conspicillatus,31,,,"Light et al. 1966 (Tb 34.3øC, SD = 4.56, N=3), Pianka and Pianka 1976 (27.7, 0.51, N = 50)",,,,
Eublepharidae,Eublepharis macularius,27.7,,,"Angilletta and Werner 1998, Werner et al. 2006",,,,
Sphaerodactylidae,Gonatodes annularis,,,,Diele-Viegas et al. (2017),,,,
Lacertidae,Heliobolus spekii,36.8,,,Bowker 1984,,,,
Diplodactylidae,Hesperoedura reticulata,29.4,,,Angilletta and Werner 1998,,,,
Lacertidae,Latastia longicaudata,37.8,,,Bowker 1984,,,,
Colubridae,Masticophis lateralis,30.6,,2+,Brattstrom 1965,,,,
Gymnophthalmidae,Micrablepharus maximiliani,19.1,,4,Camacho_FE_2014 (can't find); diele-vargas et al. 2018 for Tb,,,,
Scincidae,Mochlus sundevallii,32.7,,,Bowker 1984,,,,
Carphodactylidae,Nephrurus levis,19.2,,,"Light et al. 1966 (did not find Tb data for species), Pianka and Pianka 1976",,,,
Gymnophthalmidae,Nothobachi ablephara,,,,Camacho_FE_2014,,,,
Diplodactylidae,Oedura marmorata,31.9,,,Angilleta and Werner 1998,,,,
Phrynosomatidae,Phrynosoma coronatum,35.4,,28+,Brattstrom 1965,,,,
,Phrynosoma platyrhinos,36,,,Brattstrom 1965,,,,
Phrynosomatidae,Phrynosoma coronatum,35.3,,28+,Cowles & Bogert 1944; Brattstrom 1965; Cunningham 1966; Pianka and Parker 1975,,,,
Phyllodactylidae,Phyllodactylus reissii,29.8,,,Angilletta and Werner 1998,,,,
Gymnophthalmidae,Psilops paeminosus,,,,Camacho_FE_2014,,,,
Diplodactylidae,Rhynchoedura ornata,30.7,,,"Lght et al. 1966, Pianka and Pianka 1976",,,,
Iguanidae,Sauromalus ater,37.1,,,"Brattstrom 1965 (Tb 37.9øC, N = Many, listed as Sauromalus obesus), Cowles & Boggert 1944, Muchlinski (Tb 36.4øC from Muchlinski 1989, listed as Sauromalus obesus), Estany and Don 1994",,,,
Phrynosomatidae,Sceloporus bicanthalis,30.6,,,Andrews 1998,,,,
Phrynosomatidae,Sceloporus gadoviae,35.1,,,Andrews 1998,,,,
Phrynosomatidae,Sceloporus horridus,,,,Andrews 1998,,,,
Phrynosomatidae,Sceloporus malachiticus,32.3,,,within Sunday 2011 (not found in Sunday); van berkum 1988,,,,
Phrynosomatidae,Sceloporus mucronatus,29.2,,,Andrews 1998 (Tb could not find in the source); Sinervo et al. 2010,,,,
Phrynosomatidae,Sceloporus occidentalis,32.9,,,"within Sunday 2011 (not found in Sunday); van berkum 1988 (32.9, 34.2, 35.9, 33.4,as Tb dependent on elevations with different errors and N)",,,,
Phrynosomatidae,Sceloporus ochoteranae,33.7,,,Andrews 1998,,,,
Phrynosomatidae,Sceloporus poinsettii,32.7,,,Bogert 1949 (couldn't find Tb); Sinervo et al. 2010,,,,
Phrynosomatidae,Sceloporus scalaris,34.9,,,Mathies & Andrews 1995; Andrews 1998 (32.6),,,,
Phrynosomatidae,Sceloporus variabilis,34.3,,,"within Sunday 2011 (not found in Sunday); van berkum 1988 (36.9, 35.4, 34.4 Tb, error = 1.5, 1.3, 3.8, N = 38, 72, 135)",,,,
Phrynosomatidae,Sceloporus virgatus,34,,,Smith and Ballinger 1994,,,,
Scincidae,Scelotes gronovii,23,1.4,6,Withers 1981,,,,
Scincidae,Scincella lateralis,28.5,,16,Brattstrom 1965,,,,
Gymnophthalmidae,Scriptosaura catimbau,,,,Camacho_FE_2014,,,,
Sphaerodactylidae,Sphaerodactylus gaigeae,27.8,,,within Sunday 2011 (not found in Sunday); Alvarez 1992(can't find Alvarez paper),,,,
Sphaerodactylidae,Sphaerodactylus grandisquamis,29.3,,,within Sunday 2011 (not found in Sunday); Alvarez 1992(can't find Alvarez paper),,,,
Sphaerodactylidae,Sphaerodactylus klauberi,24.2,,,within Sunday 2011; Alvarez 1992(can't find Alvarez paper),,,,
Sphaerodactylidae,Sphaerodactylus nicholsi,,,,within Sunday 2011 (not found in Sunday); Alvarez 1992(can't find Alvarez paper),,,,
Sphaerodactylidae,Sphaerodactylus roosevelti,32.8,,,within Sunday 2011 (not found in Sunday); Alvarez 1992 (can't find Alvarez paper),,,,
Sphaerodactylidae,Sphaerodactylus townsendi,31,,,within Sunday 2011 (not found in Sunday); Alvarez 1992 (can't find Alvarez paper),,,,
Scincidae,Sphenomorphus incognitus,,,,Yuan et al. 2016,,,,
Scincidae,Sphenomorphus indicus,28.8,,,"Yuan et al. 2016; Tsel data are from Ji et al. 1996, cited in Du et al. 2006 (b/c Ji paper impossible to download); (Du data is about preferred body temperature)",,,,
Scincidae,Sphenomorphus sabanus,25.8,0.26,16,Inger 1959 (cited in Du et al. 2006),SE,,,
Scincidae,Sphenomorphus taiwanensis,,,,Huang et al. 2006,,,,
Tropiduridae,Stenocercus festae,28.11,5.47,27,Andrango et al. 2016,SE,,,
Colubridae,Storeria occipitomaculata,26.3,,2,Brattstrom 1965,,,,
Diplodactylidae,Strophurus spinigerus,29.5,,,"Light et al. 1966 (Tb 35.9, SD = 2.62, N = 9, listed as D. spinigerus ), Angilletta and Werner 1998 (23.1 in the morning, 16 at night, error is 1.23 in the morning, error is 0.98 at night, n =14 in the morning, n =3 at night",,,,
Lacertidae,Takydromus formosanus,,,,Huang & Tu 2008,,,,
Lacertidae,Takydromus hsuehshanensis,,,,Huang & Tu 2008,,,,
Lacertidae,Takydromus sexlineatus,,,,Zhang and Ji 2004,,,,
Lacertidae,Takydromus stejnegeri,,,,Huang & Tu 2008,,,,
Phyliodactylidae,Tarentola boettgeri,24.02,,83,"Brown 1996 Herpetologica. Tb is median, so no meas. err.",,,,
Lacertidae,Teira dugesii,35,,,"Crisp, Cook, and Hereward 1979",,,,
Colubridae,Thamnophis marcianus,,,,Doughty 1994,,,,
Colubridae,Thamnophis melanogaster,,,,Doughty 1994,,,,
Colubridae,Thamnophis ordinoides,29,,,Stewart 1965,,,,
Colubridae,Thamnophis sirtalis,25.6,,,Stewart 1965,,,,
Scincidae,Tiliqua occipitalis,32.7,0.21,4,Light et al. 1966,,,,
Scincidae,Tiliqua scincoides,32.9,,,"Heatwole et al 1973; Christian et al. 2003 (seems to be about Optical Transient Detector, no mention of T. scincoides)",,,,
Scincidae,Trachylepis capensis,,,,Withers 1981,,,,
Scincidae,Trachylepis perrotetii,33.8,,,Ortega et al. 1991,,,,
Gymnophthalmidae,Tretioscincus agilis,,,,diele-vargas et al. 2018,,,,
Viperidae,Trimeresurus gracilis,,,,Huang et al. 2007; within Sunday et al. 2011(not found in Sunday),,,,
Viperidae,Trimeresurus stejnegeri_stejnegeri,,,,Huang et al. 2007; within Sunday et al. 2011(not found in Sunday),,,,
Tropiduridae,Tropidurus hygomi,35.4,,,Kohlsdorf and Navas 2006,,,,
Tropiduridae,Tropidurus psammonastes,37.6,,,Van Sluys 2004,,,,
Scincidae,Typhlacontais brevipes,30.8,,,Withers 1981,,,,
Phrynosomatidae,Uma exsul,35.5,,,Sinervo et al 2010,,,,
Agamidae,Uromastyx ornata,36.5,,,Zari 1996,,,,
Phrynosomatidae,Urosaurus graciosus,37.6,,,Vitt et al. 1981,,,,
Gymnophthalmidae,Vanzosaurua rubricauda,,,,Camacho_FE_2014,,,,
Varanidae,Varanus bengalensis,33.1,,,Wikramanayake and Dryden 1993,,,,
Varanidae,Varanus exanthematicus,34.6,,,Bowker 1984; Wood et al. 1978; Don et al. 1994,,,,
Varanidae,Varanus giganteus,37.1,,,"Pianka 1982; King, Green, and Butler 1989",,,,
Varanidae,Varanus gilleni,3.4,,,Pianka 1982,,,,
Varanidae,Varanus indicus,30.3,,,"Smith, Christian, and Green 2008",,,,
Varanidae,Varanus komodoensis,38,,,McNab and Auffenberg 1976,,,,
Varanidae,Varanus niloticus,30.4,,,Bowker 1984; Hirth and Latif 1979,,,,
Varanidae,Varanus panoptes,36.4,,,Christian and Weaver 1996,,,,
Varanidae,Varanus rosenbergi,35,,8,Christian and Weaver 1994,,,,
Varanidae,Varanus scalaris,38.9,,,Christian and Bedford 1995,,,,
,Anolis attenuatus,21.5,,1,,,,,
,Anolis chocorum,,,,,,,,
Dactyloidae,Anolis tandai,,,,,,,,
Teiidae,Aspidoscelis sexlineata,39.3,,,"Brattstrom 1965 (Tb = 40.4øC, N= Many); Bogert 1949 (Tb = 41.0ñ0.47 (?? seems like error of ~2.5?), N = 12), listed as Cnemidophorus sexlineatus; Schall 1977 (couldn't find Tb); Bostic1966 (covers reproductive organs, no Tb found); Paulissen 1988 (see line 165); Witz 2001 (Oklahoma Tb = 38.5ñ0.314øC, N = 425) (Florida Tb = 36.6ñ1.26, N=22)",,,,
Teiidae,Aspidoscelis sexlineatus,,,,"Paulissen 1988 (adult Tb = 36.8ñ1.93øC, N = 10) (juvenile Tb = 37.1ñ1.55, N=10)",,,,
,Gerrhonotus multicarinatus,,,,Bennett 1980,,,,
,Lacerta monticola,33.5,,,Bauwens et al. 1995; Van Damme et al. 1991,,,,
,Leiolopisma guichenoti,,,,Spellerberg 1972,,,,
,Liolaemus nigromaculatus,34.08,0.46,6,Labra (2009) AmNat,SE,,,
,Liolaemus nigroroseus,33.89,0.72,8,Labra (2009) AmNat,SE,,,
Liolaemidae,Liolaemus nigroviridis,35.49,0.1,411,Labra (2009) AmNat,SE,,,
Xenosauridae,Xenosaurus grandis,24.2,,,Ballinger et al. 1995; Lemos-Espinal et al. 2003,,,,
Xeenosauridae,Xenosaurus platyceps,24.6,,,Lemos-Espinal and Smith 2005,,,,
Dactyloidae,Anolis poncensis,,,,,,,,
Dactyloidae,Anolis singularis,,,,,,,,
Dactyloidae,Anolis valencienni,,,,,,,,
Scincidae,Anomalopus brevicollis,,,,Greer 1980,,,,
Scincidae,Anomalopus leuckartii,,,,Greer 1980,,,,
Scincidae,Calyptotis temporalis,,,,Greer 1980,,,,
Scincidae,Carlia longipes,,,,Greer 1980,,,,
Scincidae,Carlia munda,,,,Greer 1980,,,,
Scincidae,Carlia pectoralis,,,,Greer 1980,,,,
Scincidae,Lygisauris foliorum (appears as Carlia folorium),,,,Greer 1980,,,,
,Pedioplanis lineoocellata,,,,Stebbins 1961,,,,
Scincidae,Trachylepis varia,28,,,Hebrard and Guppy 1982,,,,
,Trioceros schubotzi,22.2,,,Bennett 2004,,,,
Phrynosomatidae,Uta antiqua,35.6,,,"Brattstrom 1965 (Tb = 35.4øC, N=167+, listed as Uta stansburiana); Cunningham 1966; Soul‚ 1963; Ferguson 1971 (tb= 38, n= 25) ; Parker and Pianka 1975; Waldschmidt and Tracy 1983; Cole 1943",,,,
Varanidae,Varanus caudolineatus,37.3,,,Pianka 2010,,,,
Liolaemidae,Liolaemus gracilis,40.8,,,"Espinoza, Wiens, and Tracy 2004",,,,
Agamidae,Ctenophorus isolepis,40.7,,,Pianka 1971,,,,
Sphaerodactylidae,Pristurus carteri,38.9,,,Arnold 1993,,,,
Agamidae,Ctenophorus cauicinctus,38.6,,,Litch et al. 1966,,,,
Iguanidae,Cyclura nubila,38.6,,,Christian et al 1986,,,,
Scincidae,Ctenotus leonhardii,38,,,Pianka 1969,,,,
Phrynosomatidae,Holbrookia propinqua,37.9,,,Judd 1975,,,,
Teiidae,Pholidoscelis exsul,37.73,0.23,89,Gifford et al. 2012 J. Th. Biol.; Took central value of Tsel range to get Tpref.,SE,,,
Scincidae,Ctenotus leae,37.7,,,Pianka 1969,,,,
Liolaemidae,Liolaemus cuyanus,37.7,,,"Cruz et al. 2005; Espinoza, Wiens, and Taylor 2004",,,,
Phrynosomatidae,Sceloporus graciosus,37.5,,,"Brattstrom 1965 (Tb 34.9øC, N = 5); Sunday et al. 2014; Mueller 1969",,,,
Liolaemidae,Liolaemus grosseorum,37.3,,,"Espinoza, Wiens, and Tracy 2004",,,,
Teiidae,Pholidoscelis taeniurus,37.2,,,Sproston et al. 1999,,,,
Teiidae,Pholidoscelis chrysolaemus,37.1,,,Schell et al. 1993; Sproston et al. 1999,,,,
Varanidae,Varanus gouldii,37,,,"Warburg 1965; Light et al. 1966 (Tb = 37.1, SD = 1.87, N = 6); Pianka 1982; King 1980; Christian and Weavers 1996 (35.1)",,,,
Liolaemidae,Liolaemus tenuis,36.82,0.44,10,Labra (2009) AmNat,SE,,,
Liolaemidae,Liolaemus monticola,36.72,0.35,13,Labra (2009) AmNat,SE,,,
Opluridae,Oplurus cuvieri,36.7,,,Randriamahazo and Mori 2004; Herilala and Mori 2001,,,,
Scincidae,Scincus mitranus,36.7,,,Al-Johany et al. 1999,,,,
Liolaemidae,Liolaemus melanops,36.6,,,"Cruz et al. 2005; Espinoza, Wiens, and Tracy 2004",,,,
Liolaemidae,Liolaemus robertmertensi,36.6,,,"Cruz et al. 2005; Espinoza, Wiens and Tracy 2004",,,,
Liolaemidae,Liolaemus rothi,36.6,,,"Cruz et al. 2005; Espinoza, Wiens and Tracy 2004",,,,
Iguanidae,Conolophus subcristanus,36.5,,,Snell and Christian 1985,,,,
Phrynosomatidae,Uma scoparia,36.5,,,"Brattstrom 1965 (Tb = 35.7øC, N = 13+); Pianka and Parker 1975",,,,
Varanidae,Varanus griseus,36.5,,,King 1980; Ibrahim 2002,,,,
Liolaemidae,Liolaemus wiegmannii,36.46,3.16,65,Stellatelli et al. (2013) J. Th. Biol.,SD,,,
Phrynosomatidae,Cophosaurus texanus,36.4,,,"Bashley & Dunham 1997; Brattstrom 1965 (Tb 37.1øC, N=6); Bulova 1994",,,,
Crotaphytidae,Crotaphytus collaris,36.4,,,"Brattstrom 1965 (Tb 37.2øC, N = 425+), Cole 1943, Firth at al. 1980, Uzee 1990, Angert et al. 2002",,,,
Scincidae,Ctenotus regius,36.4,,,Bennett AF & Johnalder H (1986) ; Huey and Bennett 1987,,,,
Liolaemidae,Liolaemus darwinii,36.4,,,"Cruz et al. 2005; Espinoza, Wiens and Tracy 2004",,,,
Leiocephalidae,Leiocephalus schreibersii,36.3,,,Marcellini and Jenssen 1989,,,,
Liolaemidae,Liolaemus multimaculatus,36.28,1.41,34,Cruz et al. 2005; Tsel and Tb: Stellatelli et al. (2013) J. Th. Biol.,SD,,,
Scincidae,Ctenotus inornatus,36.2,,,Pough et al. 1997,,,,
Liolaemidae,Liolaemus scapularis,36.2,,,"Cruz et al. 2005; Espinoza, Wiens and Tracy 2004",,,,
Teiidae,Pholidoscelis fuscatus,36.1,,,Brooks 1968,,,,
Lacertidae,Eremias argus,36,,,Laigao et al. (2006) Acta Zool Sinica; Li et al. 2009,,,,
Tropiduridae,Microlophus quadrivittatus,36,,,Catenazzi et al. 2005,,,,
Phrynosomatidae,Holbrookia maculata,35.9,,,"Hager 2001; Brattstrom 1965 (Tb = 37.8øC, N = 3); Jones and Ballinger 1987",,,,
Liolaemidae,Liolaemus dicktracyi,35.9,,,"Espinoza, Wiens, and Tracy 2004",,,,
Liolaemidae,Liolaemus laurenti,35.9,,,"Cruz et al. 2005; Espinoza, Wiens and Tracy 2004",,,,
Phrynosomatidae,Petrosaurus thalissinus,35.8,,,"Brattstrom 1965 (35.6øC, N = 22, listed as Uta thalassina); Soul‚ 1963",,,,
Phrynosomatidae,Sceloporus consobrinus,35.8,,,Bogert 1949,,,,
Liolaemidae,Liolaemus boulengeri,35.7,,,"Cruz et al. 2005; Espinoza, Wiens and Tracy 2004",,,,
Liolaemidae,Liolaemus uspallatensis,35.7,,,"Espinoza, Wiens and Tracy 2004",,,,
Scincidae,Ctenotus calurus,35.6,,,Pianka 1969,,,,
Phrynosomatidae,Urosaurus ornatus,35.6,,,"Lowe & Vance 1955; Brattstrom 1965 (Tb = 35.5øC, N=97); Vitt et al. 1981 (from 34.53 to 37.47 C, N= 224); Smith and Ballinger 1995",,,,
Scincidae,Ctenotus piankai,35.5,,,Pianka 1969,,,,
Liolaemidae,Liolaemus irregularis,35.5,,,"Cruz et al. 2005; Espinoza, Wiens, and Tracy 2004",,,,
Liolaemidae,Liolaemus koslowskyi,35.5,,,"Cruz et al. 2005; Espinoza, Wiens and Tracy 2004",,,,
Phrynosomatidae,Phrynosoma platyrhinos,35.5,,,"Cole 1943; Pianka and Parker 1975; Brattstrom 1965 (Tb = 36.0øC, N=?)",,,,
Phrynosomatidae,Sceloporus grandaevus,35.5,,,Soul‚ 1963,,,,
Phrynosomatidae,Sceloporus magister,35.5,,,"Brattstrom 1965 (Tb 34.8øC, N = Many); Andrews 1998; (Tb = 36.8 and 34.9 in different elevations) Vitt et al 1981 (Tb 35.63
to 36.76C, N = 129); Parker and Pianka 1973",,,,
Varanidae,Varanus varius,35.5,,,"within Sunday 2011 (data not found), Spellerberg 1972; Stebbins and Barwick 1968",,,,
Liolaemidae,Liolaemus nitidus,35.43,0.33,12,Labra (2009) AmNat,SE,,,
Lacertidae,Eremias multiocellata,35.4,,,Li et al 2009,,,,
Scincidae,Ctenotus taeniolatus,35.3,,,Bennett AF & Johnalder H (1986) ; Huey and Bennett 1987,,,,
Scincidae,Ctenotus uber,35.3,,,Bennett AF & Johnalder H (1986); Huey and Bennett (1987),,,,
Lacertidae,Eremias brenchleyi,35.3,,,"Xu, Chen, Ji (2001) Zool. Research; Huey et al. 2009 - might be plestiodon now; Li et al 2009; Xu and Ji 2006",,,,
Phrynosomatidae,Phrynosoma douglassii,35.3,,,Prieto&Whitford 1971; Brattstrom 1965 (did not find Tb in here); Pianka and Parker 1975; Christian 1998; Powell and Russell 1985,,,,
Phrynosomatidae,Urosaurus nigricaudus,35.3,,,"Brattstrom 1965 (Tb = 36.2øC, N = 14); Soul‚ 1963",,,,
Lacertidae,Podarcis siculus,35.2,,,Avery 1978,,,,
Phrynosomatidae,Sceloporus olloporus,35.2,,,"Brattstrom 1965 (Tb 35.4øC, N=72, listed as Sceloporus v. olloporus); Bogert 1949 (couldn't find Tb); van Berkum 1988",,,,
Liolaemidae,Liolaemus lemniscatus,35.12,0.42,25,Labra (2009) AmNat,SE,,,
Scincidae,Ctenotus atlas,35,,,Pianka 1969,,,,
Liolaemidae,Liolaemus austromendocinus,35,,,"Espinoza, Wiens, and Tracy 2004",,,,
Teiidae,Salvator merrianae,35,,,"Ceccetto et al. (2015) J. Th. Biol. Avaerage in paper is for males and females, but very similar for both; Vitt et al. 1995",,,,
Liolaemidae,Liolaemus curicensis,34.97,0.68,9,Labra (2009) AmNat,SE,,,
Liolaemidae,Phymaturus antofagastensis,34.9,,,"Cruz et al. 2009; Espinoza, Wiens and Tracy 2004",,,,
,Liolaemus punctatissimus,34.8,0.24,19,Labra (2009) AmNat,SE,,,
Liolaemidae,Liolaemus buergeri,34.7,,,"Espinoza, Wiens, and Tracy 2004",,,,
Tropiduridae,Microlophus peruvaianus,34.7,,,Huey 1974,,,,
Phrynosomatidae,Phrynosoma solare,34.7,,,Pianka and Parker 1975,,,,
Phrynosomatidae,Sceloporus olivaceus,34.7,,,"Andrews 1998 (Tb = 32.5 and 36.5 depending on the elevation); Brattstrom 1965 (Tb 36.0øC, N=1, listed as Sceloporus olivacea); Blair 1960",,,,
Liolaemidae,Liolaemus lorenzmuelleri,34.65,0.54,13,Labra (2009) AmNat,SE,,,
Sphaerodactylidae,Gonatodes antillensis,34.5,,,Bennett and Gorman 1979,,,,
Agamidae,Pogona barbata,34.5,,,"Light et al. 1966 (Tb 35.7øC, SD = 0.80, N = 6), Sch„uble and Grigg 1998",,,,
Scincidae,Ctenotus robustus,34.4,,,Bennett and John-Alder 1986,,,,
Liolaemidae,Liolaemus petrophilus,34.4,,,"Cruz et al. 2005; Espinoza, Wiens and Tracy 2004",,,,
Tropiduridae,Tropidurus torquatus,34.4,,,"Hatano et al. 2001; Kohlsdorf and Navas 2006 (33.27, error = 2.15, could also be 35.60 with error of 1.90); Kiefer, Van Sluys, Rocha 2005; Ribeiro et al. 2008",,,,
Liolaemidae,Liolaemus quilmes,34.3,,,"Cruz et al. 2005; Espinoza, Wiens, and Tracy 2004",,,,
Liolaemidae,Liolaemus pseudolemniscatus,34.29,0.46,8,Labra (2009) AmNat,SE,,,
Scincidae,Ctenotus grandis,34.2,,,Pianka 1969,,,,
Tropiduridae,Microlophus albemarlensis,34.2,,,Stebbins et al. 1967; Carpenter 1970,,,,
Liolaemidae,Phymaturus palluma,34.2,,,"Cruz et al. 2009; Espinoza, Wiens and Tracy 2004",,,,
Tropiduridae,Eurolophosaurus nanuzae,34.1,,,"Kiefer, Van Sluys and Rocha 2005",,,,
Liolaemidae,Phymaturus indistinctus,34.1,,,"Cruz et al. 2009; Espinoza, Wiens and Tracy 2004",,,,
Lacertidae,Podarcis melisellensis,34.1,0.2,124,Scheers and Van Damme (2002),SE,,,
Liolaemidae,Liolaemus leopardinus,34.07,0.19,119,Labra (2009) AmNat,SE,,,
,Liopholis whitii,34,,,Huey and Bennett 1987; Johnson 1977; Spellerberg1972,,,,
Gekkonidae,Lygodactylus klugei,34,,,Vitt 1995,,,,
Scincidae,Plestiodon obsoletus,34,,,"Data come from Licht (1964) but that is a dissertation, cit in Due et al (2006) Can J. Zool; Brattstrom 1965",,,,
Lacertidae,Scelarcis perspicillata,33.93,0.38,23,Ortega et al. (2016) J. Th. Biol. -used male only Tb but females were very similar,SE,,,
Liolaemidae,Liolaemus lutzae,33.9,,,"Espinoza, Wiens, and Tracy 2004",,,,
Liolaemidae,Liolaemus tandiliensis,33.9,4.1,440,Stellatelli et al. (2018) J. Th. Biol.,SD,,,
Liolaemidae,Liolaemus xanthoviridis,33.9,,,"Cruz et al. 2005; Espinoza, Wiens and Tracy 2004",,,,
Liolaemidae,Liolaemus platei,33.82,0.49,9,Labra (2009) AmNat,SE,,,
Cordylidae,Cordylus oelofseni,33.8,,,Clusella Trullas et al. 2007 Evol Ecol,,,,
Liolaemidae,Liolaemus abaucan,33.8,,,"Cruz et al. 2005; Espinoza, Wiens, and Tracy 2004",,,,
Liolaemidae,Liolaemus parvus,33.74,2.46,36,Gomez Ales et al. 2017 J. Th. Biol.,SD,,,
Liolaemidae,Liolaemus pseudoanomalus,33.7,,,"Cruz et al. 2005; Espinoza, Wiens, and Tracy 2004; Villavicencio et al. 2007",,,,
Agamidae,Moloch horridus,33.7,,,"within Sunday 2011, Light et al. 1966 (Tb = 36.7, SD = 1.17, N = 9), Pianka and Pianka 1970 (",,,,
Phrynosomatidae,Doliosaurus modestum,33.6,,,Pianka and Parker 1975,,,,
Liolaemidae,Liolaemus canqueli,33.6,,,"Cruz et al. 2005; Espinoza, Wiens and Tracy 2004",,,,
Cordylidae,Cordylus jonesii,33.5,,,Bauwens et al. 1999,,,,
Lacertidae,Gallotia galloti,33.5,,,Diaz 1994,,,,
,Mabuya nigropunctata,33.5,,,"Mesquita et al. 2006; Vitt, Zani, and Lima 1997",,,,
Liolaemidae,Liolaemus fitzingerii,33.4,,,"Cruz et al. 2005; Espinoza, Wiens, and Tracy 2004",,,,
Liolaemidae,Liolaemus schroederi,33.4,,,"Labra (1998) Revista Chilena, Carothers et al 1997; Rodriguez-Serrano et al 2009; Escobar et al. 2001",,,,
Phrynosomatidae,Phrynosoma cornutum,33.4,0.45,83,"Kour & Hutchison 1970, Prieto & Whitford 1971. Tpref and Tb and E: Lara-Resendiz et al. (2015) J. Th. Biol.",SE,,,
Scincidae,Ctenotus schomburgkii,33.3,,,Pianka 1969,,,,
Liolaemidae,Liolaemus puna,33.3,,,"Espinoza, Wiens, and Tracy 2004",,,,
Phrynosomatidae,Sceloporus aeneus,33.3,,,"Andrews et al. 1997; Lemos-Espinal, Smith and Ballinger 2002 (Tb = 34.5, error = 2, n = 57)",,,,
Phrynosomatidae,Sceloporus orcutti,33.3,,,"Brattstrom 1965 (Tb 35.4øC, N = 21); Ortega et al. 1991 ( tb = 34.8, error = 0.2, n =4) ; Cunningham 1966; Soul‚ 1963; Mayhew 1963",,,,
Gekkonidae,Phelsuma madagascariensis,33.2,,,Ikeuchi et al. 2005,,,,
Lacertidae,Podarcis tauricus,33.2,2.11,89,Tsel and Tb from Sagonas et al. (2017) J. Th. Biol.,SD,,,
Scincidae,Pseudemoia entrecasteauxii,33.2,,,Spellerberg 1972; Huey and Bennet 1987,,,,
Scincidae,Ctenotus pantherinus,33.1,,,Heatwole 1976 (could not find paper in drive); Pianka 1969,,,,
Cordylidae,Karusasaurus polyzonus,33.1,,,Clusella Trullas et al. 2007 Evol Ecol,,,,
Liolaemidae,Liolaemus umbrifer,33.1,,,"Espinoza, Wiens and Tracy 2004",,,,
Scincidae,Liopholis whitii,33.1,,,within Sunday 2011 (not found in Sunday); Huey and Bennett 1987,,,,
Lacertidae,Ophisops elegans,33.1,0.1,,Perez-Mellado et al. (1993),SE,,,
Varanidae,Varanus mertensi,33.01,0.87,9,Mayes (2006) Thesis from Edith Cowan University,SE,,,
Tropiduridae,Tropidurus itambere,33,,,"Kohlsdorf and Navas 2006 (Tb = 30.90, Error = 2.73); Ribeiro et al. 2008; Van Sluys 2008",,,,
Liolaemidae,Liolaemus albiceps,32.9,,,"Cruz et al. 2005; Espinoza, Wiens, and Tracy 2004",,,,
Lacertidaee,Takydromus septentrionalis,32.9,,,"Xiang et al. 1996; Yang et al. 2008; Ji, Du, and Sun 1996",,,,
Scincidae,Tiliqua rugosa,32.9,,,"Bennett AF & Johnalder H (1986); Light et al. 1966 (Tb 33.8, SD = 1.10, N = 13); Firth, Belan and Daily 1998; Firth et al. 1999",,,,
Scincidae,Eutropis rudis,32.8,,,Inger 1959,,,,
Liolaemidae,Phymaturus somuncurensis,32.8,,,"Cruz et al. 2009; Espinoza, Wiens and Tracy 2004",,,,
Phrynosomatidae,Sceloporus merriami,32.8,,,within Huey et al. 2009; Huey unpublished,,,,
Liolaemidae,Liolaemus nigromaculatus,32.77,0.65,21,Labra (2009) AmNat,SE,,,
,Mabuya rudis,32.76,0.66,25,Inger 1959,SE,,,
Scincidae,Egernia striolata,32.7,,,Bennett AF & Johnalder H (1986),,,,
Gekkonidae,Rhoptropus afer,32.7,,,Werner and Whitaker 1978,,,,
Scincidae,Psychosaura macrorhyncha,32.6,,,Vrcibradic and Rocha 2002; Hatano et al. 2001; Vrcibradic and Rocha 2005,,,,
Lacertidae,Podarcis peloponnesiacus,32.59,2.81,85,Tsel and Tb from Sagonas et al. (2017) J. Th. Biol.,SD,,,
Lacertidae,Podarcis gaigeae,32.58,0.25,178,Sagonas et al. (2013) J. Th. Biol. SD also available in manuscript,SE,,,
Liolaemidae,Liolaemus ornatus,32.41,0.71,16,Labra (2009) AmNat,SE,,,
Cordylidae,Cordylus niger,32.4,,,Clusella Trullas et al. 2007 Evol Ecol,,,,
Lacertidae,Lacerta viridis,32.4,,,Rismiller and Heldmaier 1988,,,,
Scincidae,Lerista lineopunctulata,32.4,,,"Pough, Preest and Fusari 1997",,,,
Liolaemidae,Liolaemus occipitalis,32.4,,,Bujes and Verrastro 2006,,,,
Tropiduridae,Microlophus atacamensis,32.4,,,Sep£lveda et al. 2008,,,,
Phrynosomatidae,Sceloporus grammicus,32.4,,,"Lemos-Espinal & Ballinger 1995; Andrews 1998 (31.2, 31.6, 33, 33.6 all in different elevations and papers)",,,,
Liolaemidae,Phymaturus extrilidus,32.32,3.13,60,Gomez Ales et al. 2017 J. Th. Biol.,SD,,,
Liolaemidae,Liolaemus chaltin,32.3,,,"Espinoza, Wiens, and Tracy 2004",,,,
Lacertidae,Podarcis tiliguerta,32.22,0.32,232,"Bauwens et al. 1995; Tsel, Tb (Van Damme et al. 1989)",SE,,,
Liolaemidae,Liolaemus ramirezae,32.2,,,"Espinoza, Wiens, and Tracy 2004",,,,
Cordylidae,Cordylus vittifer,32.1,,,Bauwens et al. 1999,,,,
Liolaemidae,Liolaemus olongasta,32.1,,,Cruz et al. 2005; C novas et al. 2006,,,,
Liolaemidae,Liolaemus pictus,32.04,0.81,19,Labra (2009) AmNat; Kubisch et al. 2016,SE,,,
Gekkonidae,Chondrodactylus bibronii,32,,,"Stebbins 1961, Seely 1990",,,,
Chamaeleonidae,Furcifer pardalis,32,,,Ferguson et al. 2003,,,,
Cordylidae,Ouroborus cataphractus,32,,,Laburn et al. 1981,,,,
Scincidae,Plestiodon laticeps,32,,,"Pentecost 1974; Brattstrom 1965 (Tb 29.3øC, N = 3, listed as Eumeces laticeps); Watson 2008",,,,
Chamaeleonidae,Trioceros ellioti,32,,,"within Sunday 2011 (not found in Sunday), Bennett 2004",,,,
Scincidae,Lerista connivens,31.9,,,"Pough, Preest and Fusari 1997",,,,
Phrynosomatidae,Phrynosoma modestum,31.9,0.93,24,Lara-Resendiz et al. (2015) J. Th. Biol.,SE,,,
Lacertidae,Iberolacerta monticola,31.8,,,Busack 1978,,,,
Gekkonidae,Lepidodactylus lugubris,31.8,,,"Huey et al. 1989, Bolger and Case 1994",,,,
Liolaemidae,Liolaemus huacahuasicus,31.8,,,"Espinoza, Wiens, and Tracy 2004; Halloy 1988",,,,
Scincidae,Notomabuya frenata,31.8,,,Vrcibradic and Rocha 1998,,,,
Tropiduridae,Tropidurus montanus,31.7,,,Van Sluys et al. 2008,,,,
Agamidae,Phrynocephalus vlangalii,31.67,0.25,457,Wu et a. 2018 (J. Th. Biol.),SE,,,
Lacertidae,Dalmatolacerta oxycephala,31.6,0.2,93,Scheers and Van Damme 2002,SE,,,
Liolaemidae,Liolaemus multicolor,31.6,,,"Cruz et al. 2005; Espinoza, Wiens, and Tracy 2004",,,,
Liolaemidae,Liolaemus vallecurensis,31.5,0.32,8,Labra (2009) AmNat,SE,,,
Lacertidae,Iberolacerta bonnali,31.44,0.34,23,Ortega et al. (2016). males only. females very similar.,SE,,,
Lacertidae,Psammodromus algirus,31.44,4.27,134,within Huey et al. 2009; bauwens et al. 1995. TB data: Carretero and Llorente (1995) Scientia Herpetologica,SD,,"**Presented Median Tsel, so maybe can use error for Topt? Topt has SE. From same paper (Bauwens et al. 1995; Evolution)",
Tropiduridae,Tropidurus spinulosus,31.4,,,Lopez Juri et al. 2018 J. Thermal Biol.; Aun and Martori 1994,,,,
Gekkonidae,Hemidactylus turcicus,31.3,0.4,34,Angilletta et al. 1999; Huey et al. 1989,SE,,,
Scincidae,Lerista macropisthopus,31.3,,,"Pough, Preest and Fusari 1997",,,,
Lacertidae,Podarcis milensis,31.3,,,Adamopoulou and Valakos 2005,,,,
Lacertidae,Podarcis muralis,31.28,2.57,57,within Huey et al. 2009; bauwens et al. 1995. Tsel and Tb from Sagonas et al. (2017) J. Th. Biol.,SD,,,
Liolaemidae,Liolaemus bibronii **see below,31.22,0.75,13,Labra (2009) AmNat,SE,,,
Gekkonidae,Heteronotia binoei,31.2,,,"Spellerberg 1972,",,,,
Scincidae,Plestiodon chinensis,31.2,,,"Ji 1995; Du, Shou, and Shen 2006",,,,
,Lygodactylus foliorun,31.1,,,"Singh, Smith, and Blomberg 2002",,,,
Scincidae,Egernia stokesii,31,,,"Light et al. 1966 (Tb 32.6øC, SD = 2.16, N = 12, listed as E. stokesi) ; Lanham and Bull 2004",,,,
Colubridae,Phyllorhynchus decurtatus,31,,,"Cowles & Bogert 1944; Brattstrom 1965 (Tb = 24.0øC, N = ?)",,,,
Lacertidae,Iberolacerta cyreni,30.8,2.3,69,Aguado and Brana (2014) Can. J. Zool.,SD,,,
Liolaemidae,Liolaemus kingii,30.8,,,"Bonino et al. 2011 JEZ; Espinoza, Wiens, and Tracy 2004",,,,
Scincidae,Plestiodon elegans,30.8,,,"Du, Yan, and Ji 2000",,,,
Gekkonidae,Mediodactylus kotschyi,30.7,,,Valakos 1989,,,,
Scincidae,Plestiodon reynoldsi,30.7,,,Youseff et al. 2008; Andrews 1994,,,,
Scincidae,Ctenotus brooksi,30.6,,,Pianka 1969,,,,
Scincidae,Eulamprus kosciuskoi,30.6,,,within Sunday 2011 (not found in Sunday); Huey and Bennett 1987; Bennet and John-Alder 1986 (tsel data),,,,
Lacertidae,Iberolacerta galani,30.53,0.31,105,Ortega et al. (2016) J. Th. Biol. vol 62.,SE,,,
Lacertidae,Eremias przewalskii,30.4,,,Li et al. 2009,,,,
Chamaeleonidae,Trioceros jacksonii,30.4,,,"within Sunday 2011 (not found in Sunday), Bennett 2004 ",,,,
Varanidae,Varanus salvator,30.4,,,"Wikramanayake and Dryden 1993 (29.7 for active, 29.6 for inactive) (1.77 error for active, 2.06 error for inactive); Tr‘holt 1995",,,,
Liolaemidae,Liolaemus jamesi,30.36,0.64,15,Labra (2009) AmNat,SE,,,
Liolaemidae,Liolaemus elongatus,30.27,0.76,41,Ibarguengoytia (2005); CTmin and max are from Cruz et al. 2005,SE,,,
Helodermatidae,Heloderma horridum,30.2,,,Beck and Lowe 1991,,,,
Liolaemidae,Liolaemus bibronii,30.2,,,"Cruz et al. 2005; Espinoza, Wiens, and Tracy 2004; Medina et al. 2009",,,,
Cordylidae,Cordylus cordylus,30.1,,,Clusella Trullas et al. 2007 Evol Ecol,,,,
Scincidae,Eulamprus tympanum,30.1,,,within Sunday 2011(not found in Sunday); Huey and Bennett 1987 - listed as Eulamprus in Huey. Bennett and John-Alder 1986,,,,
Gerrhosauridae,Gerrhosaurus skoogi,30,,,Seely 1990,,,,
Lacertidae,Meroles anchietae,30,,,Seely 1990,,,,
Gekkonidae,Gehyra variegata,29.9,,,"within Sunday 2011 (not found in Sunday), Spellerberg 1972, Light et al. 1966 (Tb = 35.3, N = 7), Pianka and Pianka 1976 (26.5, error is 0.24, N = 262), Angilletta and Werner 1998",,,,
Scincidae,Plestiodon lasticutatus,29.8,,,Borkin et al. 2005,,,,
Phyliodactylidae,Ptyodactylus hasselquistii,29.8,,,"Werner and Whitaker 1978; Arad, Raber, and Werner 1989",,,,
Diplodactylidae,Naultinus rudis,29.6,,,Werner and Whitaker 1978,,,,
Scincidae,Lerista bougainvillii,29.5,,,Greer 1980; Qualls and Shine 1998,,,,
Scincidae,Plestiodon egregius,29.5,,50,"Mount (1963), cited in Youssef et al. 2008",,,,
Cordylidae,Cordylus macropholis,29.4,,,Bauwens et al. 1999,,,,
Helodermatidae,Heloderma suspectum,29.4,,,"brattstrom 1965 (Tb = 27.2øC, N = 57+), D.D. Beck 1990",,,,
Phrynosomatidae,Sceloporus cyanogenys,29.4,,,Garrick 1974,,,,
Chamaeleonidae,Trioceros hoehnelii,29.3,,,"within Sunday 2011 (not found in Sunday), Bennett 2004 ",,,,
Scincidae,Plestiodon gilberti,29.1,,,"Brattstrom 1965 (Tb 26.7øC, N=5); Youssef, Adolph and Richmond 2008",,,,
Colubridae,Natrix erythrogaster,29,,,,,,,
Leiosauridae,Pristidactylus torquatus,29,,,Labra 1995,,,,
Phrynosomatidae,Sceloporus jarrovii,29,0.5,10,Beal et al. 2014 Ecol Evol,SE,,,
Liolaemidae,Phymaturus patagonicus,28.95,0.83,21,Ibarguengoytia (2005),SE,,,
Cordylidae,Pseudocordylus melanotus,28.9,,,McConnachie et al. (2007) J. Th. Biol.,,,,
Chamaeleonidae,Trioceros bitaeniatus,28.9,,,"within Sunday 2011, Bennett 2004",,,,
Carphodactylidae,Underwoodisaurus milii,28.8,,,"Light et al. 1966 (Tb = 27.3, N = 5, listed as Phyllurus milii), Angilletta et al. 1999",,,,
Liolaemidae,Liolaemus ruibali,28.7,,,"Espinoza, Wiens and Tracy 2004; Villavicencio 2007",,,,
Tropiduridae,Plica umbra,28.7,,38,"Kohlsdorf and Navas 2006 (Tb = 29.10, N = 0.5) ; Gasnier et al. 1994",,,,
Scincidae,Eulamprus quoyii,28.6,,,within Sunday 2011 (not found in Sunday); Huey and Bennett 1987: Tsel: Bennett and John-Alder 1986,,,,
Scincidae,Eremiascincus fasciolatus,28.1,,,Bennett AF & Johnalder H (1986); Huey and Bennett (1987),,,,
Lathanotidae,Lanthanotus borneensis,28,,,Pianka and King 2004,,,,
Scincidae,Plestiodon skiltonianus,27.6,,,"Brattstrom 1965 (Tb 30.0øC, N = 9+); Cunningham 1966",,,,
Gekkonidae,Hemidactylus frenatus,27.4,0.6,8,Huey et al. 1989,SE,,,
Liolaemidae,Liolaemus magellanicus,27,,,Bonino et al. 2011 JEZ; Jaksic and Schwenk 1983,,,,
Colubridae,Natrix rhombifera,26.9,,,,,,,
Diplodactylidae,Lucasium stenodactylum,26.6,,,Pianka and Pianka 1976,,,,
Eublepharidae,Hemitheconyx caudicinctus,25.8,,,Dial and Grismer 1992,,,,
,Plestiodon anthracinus,25.8,,,"Brattstrom 1965 (Tb 25.0øC, N=47), cited in Youssef et al. 2008",,,,
Colubridae,Thamnophis elegans,25.7,,,"Scott et al 1982, Huey et al 1989",,,,
Anguidae,Elgaria coerulea,25.4,,,"Brattstrom 1965 (Tb = 15.8øC, N = 6), Vitt 1974, Stewart 1984",,,,
Sphaerodactylidae,Teratoscincus przewalskii,25,,,Autumn et al 1994; Semenov and Borkin 1992,,,,
Colubridae,Natrix sipedon,24.8,,,,,,,
Carphodactylidae,Nephrurus stellatus,24.2,,,Angilletta et al. 1999,,,,
Liolaemidae,Liolaemus walkeri,24,NA,1,Labra (2009) AmNat,SE,,,
Diplodactylidae,Naultinus manukanus,23.8,,,Werner and Whitaker 1978,,,,
Xantusiidae,Xantusia riversiana,23.7,,,"Brattstrom 1965 (23.5øC, N = 24, listed as Klauberina riversiana); Mautz, Daniels and Bennett 1992;",,,,
Scincidae,Hemiergis peronii,23.6,,,Bennett AF & Johnalder H (1986); Greer 1980; Huey and Bennett 1987,,,,
Diplodactylidae,Woodworthis maculatus,23.6,,,"Besson & Cree 2007,2011, Werner and Whitaker 1978, Rock et al. 2000",,,,
Scincidae,Insulasaurus arborens,23.3,,,Alcala and Brown1966,,,,
Scincidae,Pinoyscincus jagori,23.1,,,Scheffers et al 2014; Alcala and Brown 1966,,,,
Diplodactylidae,Naultinus stellatus,22.9,,,Werner and Whitaker 1978,,,,
Trogonophidae,Trogonophis wiegmanni,22,,,"Gatten and McClung 1981; Lopez, Civantos, and Mart¡n 2002",,,,
Eublepharidae,Goniurosaurus kuroiwae,19.2,,,Werner et al. 2006,,,,
Agamidae,Lophosaurus spinipes,19,,,Rummery et al. 1995,,,,
Diplodactylidae,Hoplodactylus duvaucelii,16.9,,,Werner and Whitaker 1978,,,,
Sphenodontidae,Sphenodon punctatus,14.5,,,Firth et al. 1999; Werner and Whitaker 1978,,,,
,,,,,,,,,
,,,,,,,,,
,,,,,,,,,
,,,,,,,,,
,,,,,,,,,
,,,,,,,,,
,,,,,,,,,
,,,,,,,,,
,,,,,,,,,
,,,,,,,,,
,,,,,,,,,
,,,,,,,,,
,,,,,,,,,
,,,,,,,,,
,,,,,,,,,
,,,,,,,,,
,,,,,,,,,
,,,,,,,,,
,,,,,,,,,
,,,,,,,,,
,,,,,,,,,
,,,,,,,,,
,,,,,,,,,
,,,,,,,,,
,,,,,,,,,
,,,,,,,,,
,,,,,,,,,
,,,,,,,,,
,,,,,,,,,
,,,,,,,,,
,,,,,,,,,
,,,,,,,,,
,,,,,,,,,
,,,,,,,,,
,,,,,,,,,
,,,,,,,,,
,,,,,,,,,
,,,,,,,,,
,,,,,,,,,
,,,,,,,,,
,,,,,,,,,
,,,,,,,,,
,,,,,,,,,
,,,,,,,,,
,,,,,,,,,
,,,,,,,,,
,,,,,,,,,
,,,,,,,,,
,,,,,,,,,
,,,,,,,,,
,,,,,,,,,
,,,,,,,,,
,,,,,,,,,
,,,,,,,,,
,,,,,,,,,
,,,,,,,,,
,,,,,,,,,
,,,,,,,,,
,,,,,,,,,
,,,,,,,,,
,,,,,,,,,
,,,,,,,,,
,,,,,,,,,
,,,,,,,,,
,,,,,,,,,
,,,,,,,,,
,,,,,,,,,
,,,,,,,,,
,,,,,,,,,
,,,,,,,,,
,,,,,,,,,
,,,,,,,,,
,,,,,,,,,
,,,,,,,,,
,,,,,,,,,
,,,,,,,,,
,,,,,,,,,
,,,,,,,,,
,,,,,,,,,
,,,,,,,,,
,,,,,,,,,
,,,,,,,,,
,,,,,,,,,
,,,,,,,,,
,,,,,,,,,
,,,,,,,,,
,,,,,,,,,
,,,,,,,,,
,,,,,,,,,
,,,,,,,,,
,,,,,,,,,
,,,,,,,,,
,,,,,,,,,
,,,,,,,,,
,,,,,,,,,
,,,,,,,,,
,,,,,,,,,
,,,,,,,,,
,,,,,,,,,
,,,,,,,,,
,,,,,,,,,
,,,,,,,,,
,,,,,,,,,
,,,,,,,,,
,,,,,,,,,
,,,,,,,,,
,,,,,,,,,
,,,,,,,,,
,,,,,,,,,
,,,,,,,,,
,,,,,,,,,
,,,,,,,,,
,,,,,,,,,
,,,,,,,,,
,,,,,,,,,
,,,,,,,,,
,,,,,,,,,
,,,,,,,,,
,,,,,,,,,
,,,,,,,,,
,,,,,,,,,
,,,,,,,,,
,,,,,,,,,
,,,,,,,,,
,,,,,,,,,
,,,,,,,,,
,,,,,,,,,
,,,,,,,,,
,,,,,,,,,
,,,,,,,,,
,,,,,,,,,
,,,,,,,,,
,,,,,,,,,
,,,,,,,,,
,,,,,,,,,
,,,,,,,,,
,,,,,,,,,
,,,,,,,,,
,,,,,,,,,
,,,,,,,,,
,,,,,,,,,
,,,,,,,,,
,,,,,,,,,
,,,,,,,,,
,,,,,,,,,
,,,,,,,,,
,,,,,,,,,
,,,,,,,,,
,,,,,,,,,
,,,,,,,,,
,,,,,,,,,
,,,,,,,,,
,,,,,,,,,
,,,,,,,,,
,,,,,,,,,
,,,,,,,,,
,,,,,,,,,
,,,,,,,,,
,,,,,,,,,
,,,,,,,,,
,,,,,,,,,
,,,,,,,,,
,,,,,,,,,
,,,,,,,,,
,,,,,,,,,
,,,,,,,,,
,,,,,,,,,
,,,,,,,,,
,,,,,,,,,
,,,,,,,,,
,,,,,,,,,
,,,,,,,,,
,,,,,,,,,
,,,,,,,,,
,,,,,,,,,
,,,,,,,,,
,,,,,,,,,
,,,,,,,,,
,,,,,,,,,
,,,,,,,,,
,,,,,,,,,
,,,,,,,,,
,,,,,,,,,
,,,,,,,,,
,,,,,,,,,
,,,,,,,,,
,,,,,,,,,
,,,,,,,,,
,,,,,,,,,
,,,,,,,,,
,,,,,,,,,
,,,,,,,,,
,,,,,,,,,
,,,,,,,,,
,,,,,,,,,
,,,,,,,,,
,,,,,,,,,
,,,,,,,,,
,,,,,,,,,
,,,,,,,,,
,,,,,,,,,
,,,,,,,,,
,,,,,,,,,
,,,,,,,,,
,,,,,,,,,
,,,,,,,,,
,,,,,,,,,
,,,,,,,,,
,,,,,,,,,
,,,,,,,,,
,,,,,,,,,
,,,,,,,,,
,,,,,,,,,
,,,,,,,,,
,,,,,,,,,
,,,,,,,,,
,,,,,,,,,
,,,,,,,,,
,,,,,,,,,
,,,,,,,,,
,,,,,,,,,
,,,,,,,,,
,,,,,,,,,
,,,,,,,,,
,,,,,,,,,
,,,,,,,,,
,,,,,,,,,
,,,,,,,,,
,,,,,,,,,
,,,,,,,,,
,,,,,,,,,
,,,,,,,,,
,,,,,,,,,
,,,,,,,,,
,,,,,,,,,
,,,,,,,,,
,,,,,,,,,
,,,,,,,,,
,,,,,,,,,
,,,,,,,,,
,,,,,,,,,
,,,,,,,,,
,,,,,,,,,
,,,,,,,,,
,,,,,,,,,
,,,,,,,,,
,,,,,,,,,
,,,,,,,,,
,,,,,,,,,
,,,,,,,,,
,,,,,,,,,
,,,,,,,,,
,,,,,,,,,
,,,,,,,,,
,,,,,,,,,
,,,,,,,,,
,,,,,,,,,
,,,,,,,,,
,,,,,,,,,
,,,,,,,,,
,,,,,,,,,
,,,,,,,,,
,,,,,,,,,
,,,,,,,,,
,,,,,,,,,
,,,,,,,,,
,,,,,,,,,
,,,,,,,,,
,,,,,,,,,
,,,,,,,,,
,,,,,,,,,
,,,,,,,,,
,,,,,,,,,
,,,,,,,,,
,,,,,,,,,
,,,,,,,,,
,,,,,,,,,
,,,,,,,,,
,,,,,,,,,
,,,,,,,,,
,,,,,,,,,
,,,,,,,,,
,,,,,,,,,
,,,,,,,,,
,,,,,,,,,
,,,,,,,,,
,,,,,,,,,
,,,,,,,,,
,,,,,,,,,
,,,,,,,,,
,,,,,,,,,
,,,,,,,,,
,,,,,,,,,
,,,,,,,,,
,,,,,,,,,
,,,,,,,,,
,,,,,,,,,
,,,,,,,,,
,,,,,,,,,
,,,,,,,,,
,,,,,,,,,
,,,,,,,,,
,,,,,,,,,
,,,,,,,,,
,,,,,,,,,
,,,,,,,,,
,,,,,,,,,
,,,,,,,,,
,,,,,,,,,
,,,,,,,,,
,,,,,,,,,
,,,,,,,,,
,,,,,,,,,
,,,,,,,,,
,,,,,,,,,
,,,,,,,,,
,,,,,,,,,
,,,,,,,,,
,,,,,,,,,
,,,,,,,,,
,,,,,,,,,
,,,,,,,,,
,,,,,,,,,
,,,,,,,,,
,,,,,,,,,
,,,,,,,,,
,,,,,,,,,
,,,,,,,,,
,,,,,,,,,
,,,,,,,,,
,,,,,,,,,
,,,,,,,,,
,,,,,,,,,
,,,,,,,,,
,,,,,,,,,
,,,,,,,,,
,,,,,,,,,
,,,,,,,,,
,,,,,,,,,
,,,,,,,,,
,,,,,,,,,
,,,,,,,,,
,,,,,,,,,
,,,,,,,,,
,,,,,,,,,
,,,,,,,,,
,,,,,,,,,
,,,,,,,,,
,,,,,,,,,
,,,,,,,,,
,,,,,,,,,
,,,,,,,,,
,,,,,,,,,
,,,,,,,,,
,,,,,,,,,
,,,,,,,,,
,,,,,,,,,
,,,,,,,,,
,,,,,,,,,
,,,,,,,,,
,,,,,,,,,
,,,,,,,,,
,,,,,,,,,
,,,,,,,,,
,,,,,,,,,
,,,,,,,,,
,,,,,,,,,
,,,,,,,,,
,,,,,,,,,
,,,,,,,,,
,,,,,,,,,
,,,,,,,,,
,,,,,,,,,
,,,,,,,,,
,,,,,,,,,
,,,,,,,,,
,,,,,,,,,
,,,,,,,,,
,,,,,,,,,
,,,,,,,,,
,,,,,,,,,
,,,,,,,,,
,,,,,,,,,
,,,,,,,,,
,,,,,,,,,
,,,,,,,,,
,,,,,,,,,
,,,,,,,,,
,,,,,,,,,
,,,,,,,,,
,,,,,,,,,
,,,,,,,,,
,,,,,,,,,
,,,,,,,,,
,,,,,,,,,
,,,,,,,,,
,,,,,,,,,
,,,,,,,,,
,,,,,,,,,
,,,,,,,,,
,,,,,,,,,
,,,,,,,,,
,,,,,,,,,
,,,,,,,,,
,,,,,,,,,
,,,,,,,,,
,,,,,,,,,
,,,,,,,,,
,,,,,,,,,
,,,,,,,,,
,,,,,,,,,
,,,,,,,,,
,,,,,,,,,
,,,,,,,,,
,,,,,,,,,
,,,,,,,,,
,,,,,,,,,
,,,,,,,,,
,,,,,,,,,
,,,,,,,,,
,,,,,,,,,
,,,,,,,,,
,,,,,,,,,
,,,,,,,,,
,,,,,,,,,
,,,,,,,,,
,,,,,,,,,
,,,,,,,,,
,,,,,,,,,
,,,,,,,,,
,,,,,,,,,
,,,,,,,,,
,,,,,,,,,
,,,,,,,,,
,,,,,,,,,
,,,,,,,,,
,,,,,,,,,
,,,,,,,,,
,,,,,,,,,
,,,,,,,,,
,,,,,,,,,
,,,,,,,,,
,,,,,,,,,
,,,,,,,,,
,,,,,,,,,
,,,,,,,,,
,,,,,,,,,
,,,,,,,,,
,,,,,,,,,
,,,,,,,,,
,,,,,,,,,
,,,,,,,,,
,,,,,,,,,
,,,,,,,,,
,,,,,,,,,
,,,,,,,,,
,,,,,,,,,
,,,,,,,,,
,,,,,,,,,
,,,,,,,,,
,,,,,,,,,
,,,,,,,,,
,,,,,,,,,
,,,,,,,,,
,,,,,,,,,
,,,,,,,,,
,,,,,,,,,
,,,,,,,,,
,,,,,,,,,
,,,,,,,,,
,,,,,,,,,
,,,,,,,,,
,,,,,,,,,
,,,,,,,,,
,,,,,,,,,
,,,,,,,,,
,,,,,,,,,
,,,,,,,,,
,,,,,,,,,
,,,,,,,,,
,,,,,,,,,
,,,,,,,,,
,,,,,,,,,
,,,,,,,,,
,,,,,,,,,
,,,,,,,,,
,,,,,,,,,
,,,,,,,,,
,,,,,,,,,
,,,,,,,,,
,,,,,,,,,
,,,,,,,,,
,,,,,,,,,
,,,,,,,,,
,,,,,,,,,
,,,,,,,,,
,,,,,,,,,
,,,,,,,,,
,,,,,,,,,
,,,,,,,,,
,,,,,,,,,
,,,,,,,,,
,,,,,,,,,
,,,,,,,,,
,,,,,,,,,
,,,,,,,,,
,,,,,,,,,
,,,,,,,,,
,,,,,,,,,
,,,,,,,,,
,,,,,,,,,
,,,,,,,,,
,,,,,,,,,
,,,,,,,,,
,,,,,,,,,
,,,,,,,,,
,,,,,,,,,
,,,,,,,,,
,,,,,,,,,
,,,,,,,,,
,,,,,,,,,
,,,,,,,,,
,,,,,,,,,
,,,,,,,,,
,,,,,,,,,
,,,,,,,,,
,,,,,,,,,
,,,,,,,,,
,,,,,,,,,
,,,,,,,,,
,,,,,,,,,
,,,,,,,,,
,,,,,,,,,
,,,,,,,,,
,,,,,,,,,
,,,,,,,,,
,,,,,,,,,
,,,,,,,,,
,,,,,,,,,
,,,,,,,,,
,,,,,,,,,
,,,,,,,,,
,,,,,,,,,
,,,,,,,,,
,,,,,,,,,
,,,,,,,,,
,,,,,,,,,
,,,,,,,,,
,,,,,,,,,
,,,,,,,,,
,,,,,,,,,
,,,,,,,,,
,,,,,,,,,
,,,,,,,,,
,,,,,,,,,
,,,,,,,,,
,,,,,,,,,
,,,,,,,,,
,,,,,,,,,
,,,,,,,,,
,,,,,,,,,
,,,,,,,,,
,,,,,,,,,
,,,,,,,,,
,,,,,,,,,
,,,,,,,,,
,,,,,,,,,
,,,,,,,,,
,,,,,,,,,
,,,,,,,,,
,,,,,,,,,
,,,,,,,,,
,,,,,,,,,
,,,,,,,,,
